aladdin_id,permid,issuer_name,exclusion_list_brs,ovr_list,affected_portfolio_str,affected_benchmark_str
E97445,5000757618,ABN Amro Bank NV,['str_004_asec'],,"['FIG00677', 'str_004_asec', 'FIG01998', 'str_sfdr8_aec', 'FIG01998', 'str_sfdr8_aec', 'FIG01998', 'str_sfdr8_aec', 'FIG02787', 'str_002_ec', 'FIG02787', 'str_002_ec', 'FIG02787', 'str_002_ec', 'FIG04868', 'str_sfdr8_aec', 'FIG05240', 'str_004_asec', 'FIG05240', 'str_004_asec', 'FIG05241', 'str_004_asec', 'FIG05241', 'str_004_asec', 'FIG05402', 'str_004_asec', 'FIG05402', 'str_004_asec', 'FIG05402', 'str_004_asec', 'FIG05402', 'str_004_asec', 'FIG05402', 'str_004_asec', 'FIG05402', 'str_004_asec', 'FIG05698', 'str_sfdr8_aec', 'FIG05698', 'str_sfdr8_aec', 'FPB01158', 'str_004_asec', 'LXMS0020', 'str_sfdr8_aec', 'LXMS0020', 'str_sfdr8_aec', 'LXMS0020', 'str_sfdr8_aec', 'LXMS0020', 'str_sfdr8_aec', 'LXMS0360', 'str_sfdr8_aec', 'LXMS0580', 'str_sfdr8_aec', 'LXMS0580', 'str_sfdr8_aec', 'LXMS0730', 'str_sfdr8_aec', 'PFI01549', 'str_sfdr8_aec', 'PFI01549', 'str_sfdr8_aec', 'PFIT0011', 'str_sfdr8_aec', 'PFIT0011', 'str_sfdr8_aec', 'PFIT0011', 'str_sfdr8_aec', 'PFIT0011', 'str_sfdr8_aec', 'PFIT0605', 'str_sfdr8_aec', 'PFIT0605', 'str_sfdr8_aec', 'PFIT0605', 'str_sfdr8_aec', 'PFIT0605', 'str_sfdr8_aec', 'PFS00001', 'str_sfdr8_aec', 'PFS00001', 'str_sfdr8_aec', 'PFS00001', 'str_sfdr8_aec', 'PFS00002', 'str_sfdr8_aec', 'PFS00002', 'str_sfdr8_aec', 'PFS00059', 'str_sfdr8_aec', 'PFS00059', 'str_sfdr8_aec', 'PFS00059', 'str_sfdr8_aec', 'PFS00059', 'str_sfdr8_aec', 'PFS00365', 'str_sfdr8_aec']",[]
R57925,4295867366,L'Air Liquide Societe Anonyme pour l'Etude et l'Exploitation des Procedes Georges Claude SA,['str_005_ec'],{'str_005_ec': 'OK'},"['CPE00264', 'str_003b_ec', 'EPV00043', 'str_001_s', 'EPV00060', 'str_001_s', 'FIG02787', 'str_002_ec', 'FIG05240', 'str_004_asec', 'FIG05241', 'str_004_asec', 'FIG05273', 'str_004_asec', 'FIG05428', 'str_sfdr8_aec', 'FIH00529', 'str_005_ec', 'FPG00004', 'str_sfdr8_aec', 'FPG00005', 'str_sfdr8_aec', 'FPG00010', 'str_sfdr8_aec', 'FPG00018', 'str_sfdr8_aec', 'FPG00027', 'str_001_s', 'FPG00028', 'str_001_s', 'FPG00112', 'str_001_s', 'FPG00376', 'str_sfdr8_aec', 'FPG00603', 'str_001_s', 'FPG01119', 'str_sfdr8_aec', 'FPG01213', 'str_001_s', 'FPG01214', 'str_001_s', 'FPG01278', 'str_003_ec', 'FPG15900', 'str_sfdr8_aec', 'FPG20002', 'str_sfdr8_aec', 'FPH00706', 'str_sfdr8_aec', 'LXMS0240', 'str_sfdr8_aec', 'LXMS0580', 'str_sfdr8_aec']",[]
R63005,4295884955,Airbus SE,"['str_001_s', 'str_004_asec']","{'str_001_s': 'OK', 'str_004_asec': 'OK', 'cs_003_sec': nan}","['ADM0PSA1', 'scs_002_ec', 'ADM0PSA1', 'scs_002_ec', 'ADM0PSA2', 'scs_002_ec', 'EPH00107', 'str_004_asec', 'EPV00043', 'str_001_s', 'EPV00060', 'str_001_s', 'FIG05240', 'str_004_asec', 'FIG05241', 'str_004_asec', 'FIG05273', 'str_004_asec', 'FIG05428', 'str_sfdr8_aec', 'FPG00027', 'str_001_s', 'FPG00028', 'str_001_s', 'FPG00112', 'str_001_s', 'FPG00603', 'str_001_s', 'FPG01213', 'str_001_s', 'FPG01214', 'str_001_s', 'FPH00457', 'str_004_asec', 'LXMS0240', 'str_sfdr8_aec', 'PFIT0516', 'str_sfdr8_aec']",[]
B95488,5051775617,Anheuser-Busch Inbev SA (Pre-Reincorporation),['str_005_ec'],{'str_005_ec': 'OK'},"['ADM0PSA1', 'scs_002_ec', 'EPV00043', 'str_001_s', 'EPV00060', 'str_001_s', 'FIG00677', 'str_004_asec', 'FIG02164', 'str_sfdr8_aec', 'FIG05240', 'str_004_asec', 'FIG05241', 'str_004_asec', 'FIG05273', 'str_004_asec', 'FIG05428', 'str_sfdr8_aec', 'FIH00529', 'str_005_ec', 'FPB01158', 'str_004_asec', 'FPG00027', 'str_001_s', 'FPG00028', 'str_001_s', 'FPG00112', 'str_001_s', 'FPG00603', 'str_001_s', 'FPG01213', 'str_001_s', 'FPG01214', 'str_001_s', 'LXMS0040', 'str_sfdr8_aec', 'LXMS0240', 'str_sfdr8_aec', 'PFIT0516', 'str_sfdr8_aec', 'PFIT0605', 'str_sfdr8_aec', 'PFS00059', 'str_sfdr8_aec']",[]
007699,8589934205,Banco Santander SA,"['str_001_s', 'str_002_ec', 'str_003_ec', 'str_003b_ec', 'str_004_asec', 'str_005_ec', 'str_006_sec', 'scs_002_ec']","{'str_001_s': 'OK', 'str_002_ec': 'OK', 'str_003_ec': 'OK', 'str_003b_ec': 'OK', 'str_004_asec': 'OK', 'str_005_ec': 'OK', 'str_006_sec': 'OK', 'cs_003_sec': 'OK', 'scs_002_ec': 'OK'}","['ADM0PSA1', 'scs_002_ec', 'ADM0PSA2', 'scs_002_ec', 'CPE00277', 'str_003b_ec', 'CPE03744', 'scs_001_sec', 'CPE03853', 'str_003b_ec', 'CPE03853', 'str_003b_ec', 'CPE03912', 'str_003b_ec', 'CPE04037', 'str_003b_ec', 'CPE04039', 'str_003b_ec', 'CPE04041', 'str_003b_ec', 'CPE04044', 'str_003b_ec', 'CPE04053', 'str_003b_ec', 'CPE04059', 'str_003b_ec', 'CPE04070', 'str_003b_ec', 'CPE04071', 'str_003b_ec', 'CPE04080', 'str_003b_ec', 'CPE04081', 'str_003b_ec', 'CPE05137', 'str_003b_ec', 'CPE05150', 'str_003b_ec', 'CPE05162', 'str_003b_ec', 'CPE05162', 'str_003b_ec', 'CPE05162', 'str_003b_ec', 'CPE05180', 'str_003b_ec', 'CPE05180', 'str_003b_ec', 'CPE05192', 'str_003b_ec', 'EPV00043', 'str_001_s', 'EPV00060', 'str_001_s', 'EPV14005', 'str_001_s', 'FIF00154', 'str_sfdr8_aec', 'FIF04284', 'str_sfdr8_aec', 'FIF04285', 'str_sfdr8_aec', 'FIG00677', 'str_004_asec', 'FIG00677', 'str_004_asec', 'FIG00677', 'str_004_asec', 'FIG00677', 'str_004_asec', 'FIG00677', 'str_004_asec', 'FIG00677', 'str_004_asec', 'FIG01998', 'str_sfdr8_aec', 'FIG01998', 'str_sfdr8_aec', 'FIG01998', 'str_sfdr8_aec', 'FIG01998', 'str_sfdr8_aec', 'FIG01998', 'str_sfdr8_aec', 'FIG01998', 'str_sfdr8_aec', 'FIG02410', 'str_sfdr8_aec', 'FIG02787', 'str_002_ec', 'FIG02787', 'str_002_ec', 'FIG02787', 'str_002_ec', 'FIG02787', 'str_002_ec', 'FIG04251', 'str_sfdr8_aec', 'FIG04251', 'str_sfdr8_aec', 'FIG04253', 'str_sfdr8_aec', 'FIG04253', 'str_sfdr8_aec', 'FIG04868', 'str_sfdr8_aec', 'FIG04868', 'str_sfdr8_aec', 'FIG04868', 'str_sfdr8_aec', 'FIG04868', 'str_sfdr8_aec', 'FIG05240', 'str_004_asec', 'FIG05240', 'str_004_asec', 'FIG05240', 'str_004_asec', 'FIG05240', 'str_004_asec', 'FIG05240', 'str_004_asec', 'FIG05241', 'str_004_asec', 'FIG05241', 'str_004_asec', 'FIG05241', 'str_004_asec', 'FIG05241', 'str_004_asec', 'FIG05273', 'str_004_asec', 'FIG05402', 'str_004_asec', 'FIG05402', 'str_004_asec', 'FIG05402', 'str_004_asec', 'FIG05415', 'str_sfdr8_aec', 'FIG05428', 'str_sfdr8_aec', 'FIG05698', 'str_sfdr8_aec', 'FIG05698', 'str_sfdr8_aec', 'FIH00058', 'str_sfdr8_aec', 'FIH00058', 'str_sfdr8_aec', 'FIH00058', 'str_sfdr8_aec', 'FIH00208', 'str_sfdr8_aec', 'FIH00529', 'str_005_ec', 'FIH00529', 'str_005_ec', 'FIH01197', 'str_sfdr8_aec', 'FIH01197', 'str_sfdr8_aec', 'FIH01197', 'str_sfdr8_aec', 'FIH01197', 'str_sfdr8_aec', 'FIN00315', 'str_sfdr8_aec', 'FIN00315', 'str_sfdr8_aec', 'FIN00315', 'str_sfdr8_aec', 'FIN00441', 'str_sfdr8_aec', 'FIN00637', 'str_sfdr8_aec', 'FPB01158', 'str_004_asec', 'FPB01158', 'str_004_asec', 'FPB01158', 'str_004_asec', 'FPB01158', 'str_004_asec', 'FPB01158', 'str_004_asec', 'FPB01158', 'str_004_asec', 'FPG00002', 'str_001_s', 'FPG00004', 'str_sfdr8_aec', 'FPG00005', 'str_sfdr8_aec', 'FPG00010', 'str_sfdr8_aec', 'FPG00015', 'str_sfdr8_aec', 'FPG00018', 'str_sfdr8_aec', 'FPG00027', 'str_001_s', 'FPG00027', 'str_001_s', 'FPG00028', 'str_001_s', 'FPG00028', 'str_001_s', 'FPG00112', 'str_001_s', 'FPG00376', 'str_sfdr8_aec', 'FPG00603', 'str_001_s', 'FPG00603', 'str_001_s', 'FPG01072', 'str_001_s', 'FPG01072', 'str_001_s', 'FPG01079', 'str_001_s', 'FPG01079', 'str_001_s', 'FPG01079', 'str_001_s', 'FPG01119', 'str_sfdr8_aec', 'FPG01213', 'str_001_s', 'FPG01213', 'str_001_s', 'FPG01214', 'str_001_s', 'FPG01214', 'str_001_s', 'FPG01278', 'str_003_ec', 'FPG01421', 'str_sfdr8_aec', 'FPG15900', 'str_sfdr8_aec', 'FPG20002', 'str_sfdr8_aec', 'FPH00254', 'str_sfdr8_aec', 'FPH00457', 'str_004_asec', 'FPH00706', 'str_sfdr8_aec', 'LXMS0020', 'str_sfdr8_aec', 'LXMS0020', 'str_sfdr8_aec', 'LXMS0020', 'str_sfdr8_aec', 'LXMS0020', 'str_sfdr8_aec', 'LXMS0020', 'str_sfdr8_aec', 'LXMS0240', 'str_sfdr8_aec', 'LXMS0360', 'str_sfdr8_aec', 'LXMS0360', 'str_sfdr8_aec', 'LXMS0360', 'str_sfdr8_aec', 'LXMS0580', 'str_sfdr8_aec', 'LXMS0580', 'str_sfdr8_aec', 'PFI01549', 'str_sfdr8_aec', 'PFI01549', 'str_sfdr8_aec', 'PFIT0011', 'str_sfdr8_aec', 'PFIT0011', 'str_sfdr8_aec', 'PFIT0011', 'str_sfdr8_aec', 'PFIT0516', 'str_sfdr8_aec', 'PFIT0605', 'str_sfdr8_aec', 'PFIT0605', 'str_sfdr8_aec', 'PFIT0605', 'str_sfdr8_aec', 'PFIT0605', 'str_sfdr8_aec', 'PFIT0605', 'str_sfdr8_aec', 'PFIT0605', 'str_sfdr8_aec', 'PFS00001', 'str_sfdr8_aec', 'PFS00001', 'str_sfdr8_aec', 'PFS00001', 'str_sfdr8_aec', 'PFS00001', 'str_sfdr8_aec', 'PFS00001', 'str_sfdr8_aec', 'PFS00002', 'str_sfdr8_aec', 'PFS00002', 'str_sfdr8_aec', 'PFS00002', 'str_sfdr8_aec', 'PFS00002', 'str_sfdr8_aec', 'PFS00059', 'str_sfdr8_aec', 'PFS00059', 'str_sfdr8_aec', 'PFS00059', 'str_sfdr8_aec', 'PFS00059', 'str_sfdr8_aec', 'PFS00059', 'str_sfdr8_aec', 'PFS00059', 'str_sfdr8_aec', 'PFS00365', 'str_sfdr8_aec']",[]
R49305,4295867483,AXA SA,"['str_001_s', 'str_002_ec', 'str_003_ec', 'str_003b_ec', 'str_004_asec', 'str_006_sec', 'scs_002_ec']","{'str_001_s': 'OK', 'str_002_ec': 'OK', 'str_003_ec': 'OK', 'str_003b_ec': 'OK', 'str_004_asec': 'OK', 'str_006_sec': 'OK', 'cs_003_sec': 'OK', 'scs_002_ec': 'OK'}","['CPE03744', 'scs_001_sec', 'CPE04070', 'str_003b_ec', 'EPV00043', 'str_001_s', 'EPV00060', 'str_001_s', 'FIG00677', 'str_004_asec', 'FIG00677', 'str_004_asec', 'FIG01998', 'str_sfdr8_aec', 'FIG01998', 'str_sfdr8_aec', 'FIG01998', 'str_sfdr8_aec', 'FIG01998', 'str_sfdr8_aec', 'FIG02164', 'str_sfdr8_aec', 'FIG02787', 'str_002_ec', 'FIG02787', 'str_002_ec', 'FIG02787', 'str_002_ec', 'FIG04868', 'str_sfdr8_aec', 'FIG05240', 'str_004_asec', 'FIG05240', 'str_004_asec', 'FIG05241', 'str_004_asec', 'FIG05241', 'str_004_asec', 'FIG05273', 'str_004_asec', 'FIG05402', 'str_004_asec', 'FIG05428', 'str_sfdr8_aec', 'FPB01158', 'str_004_asec', 'FPG00004', 'str_sfdr8_aec', 'FPG00005', 'str_sfdr8_aec', 'FPG00010', 'str_sfdr8_aec', 'FPG00018', 'str_sfdr8_aec', 'FPG00027', 'str_001_s', 'FPG00028', 'str_001_s', 'FPG00112', 'str_001_s', 'FPG00376', 'str_sfdr8_aec', 'FPG00603', 'str_001_s', 'FPG01119', 'str_sfdr8_aec', 'FPG01213', 'str_001_s', 'FPG01214', 'str_001_s', 'FPG01278', 'str_003_ec', 'FPG15900', 'str_sfdr8_aec', 'FPG20002', 'str_sfdr8_aec', 'FPH00706', 'str_sfdr8_aec', 'LXMS0020', 'str_sfdr8_aec', 'LXMS0020', 'str_sfdr8_aec', 'LXMS0020', 'str_sfdr8_aec', 'LXMS0040', 'str_sfdr8_aec', 'LXMS0240', 'str_sfdr8_aec', 'PFI01549', 'str_sfdr8_aec', 'PFIT0516', 'str_sfdr8_aec', 'PFIT0605', 'str_sfdr8_aec', 'PFIT0605', 'str_sfdr8_aec', 'PFIT0605', 'str_sfdr8_aec', 'PFS00001', 'str_sfdr8_aec', 'PFS00002', 'str_sfdr8_aec', 'PFS00059', 'str_sfdr8_aec', 'PFS00059', 'str_sfdr8_aec', 'PFS00059', 'str_sfdr8_aec']",[]
059456,4295889577,Banco Bilbao Vizcaya Argentaria SA,"['str_001_s', 'str_002_ec', 'str_003_ec', 'str_003b_ec', 'str_004_asec', 'str_006_sec', 'scs_002_ec']","{'str_001_s': 'OK', 'str_002_ec': 'OK', 'str_003_ec': 'OK', 'str_003b_ec': 'OK', 'str_004_asec': 'OK', 'str_006_sec': 'OK', 'cs_003_sec': 'OK', 'scs_002_ec': 'OK'}","['CPE00035', 'str_003b_ec', 'CPE00264', 'str_003b_ec', 'CPE00363', 'str_003b_ec', 'CPE03002', 'str_003b_ec', 'CPE03744', 'scs_001_sec', 'CPE03867', 'str_003b_ec', 'CPE03867', 'str_003b_ec', 'CPE04037', 'str_003b_ec', 'CPE04041', 'str_003b_ec', 'CPE04044', 'str_003b_ec', 'CPE04071', 'str_003b_ec', 'CPE04080', 'str_003b_ec', 'CPE04080', 'str_003b_ec', 'CPE04081', 'str_003b_ec', 'CPE05137', 'str_003b_ec', 'CPE05137', 'str_003b_ec', 'CPE05189', 'str_003b_ec', 'CPE05190', 'str_003b_ec', 'CPE05191', 'str_003b_ec', 'CPE05211', 'str_003b_ec', 'CPE05234', 'str_003b_ec', 'CPE05248', 'str_003b_ec', 'CPE05317', 'str_003b_ec', 'CPE05337', 'str_003b_ec', 'CPE05361', 'str_003b_ec', 'FIG00677', 'str_004_asec', 'FIG01998', 'str_sfdr8_aec', 'FIG01998', 'str_sfdr8_aec', 'FIG02787', 'str_002_ec', 'FIG02787', 'str_002_ec', 'FIG02787', 'str_002_ec', 'FIG04868', 'str_sfdr8_aec', 'FIG04868', 'str_sfdr8_aec', 'FIG04868', 'str_sfdr8_aec', 'FIG04868', 'str_sfdr8_aec', 'FIG04868', 'str_sfdr8_aec', 'FIG05240', 'str_004_asec', 'FIG05240', 'str_004_asec', 'FIG05241', 'str_004_asec', 'FIG05241', 'str_004_asec', 'FIG05402', 'str_004_asec', 'FIG05402', 'str_004_asec', 'FIG05698', 'str_sfdr8_aec', 'FIG05698', 'str_sfdr8_aec', 'FIG05698', 'str_sfdr8_aec', 'FIH00058', 'str_sfdr8_aec', 'FIH01197', 'str_sfdr8_aec', 'FIH01197', 'str_sfdr8_aec', 'FIH01197', 'str_sfdr8_aec', 'FIN00315', 'str_sfdr8_aec', 'FIN00315', 'str_sfdr8_aec', 'FPG00776', 'str_sfdr8_aec', 'FPG01079', 'str_001_s', 'LXMS0020', 'str_sfdr8_aec', 'LXMS0020', 'str_sfdr8_aec', 'LXMS0360', 'str_sfdr8_aec', 'LXMS0360', 'str_sfdr8_aec', 'LXMS0580', 'str_sfdr8_aec', 'LXMS0580', 'str_sfdr8_aec', 'LXMS0730', 'str_sfdr8_aec', 'LXMS0770', 'str_sfdr8_aec', 'LXMS0770', 'str_sfdr8_aec', 'PFIT0011', 'str_sfdr8_aec', 'PFIT0011', 'str_sfdr8_aec', 'PFIT0011', 'str_sfdr8_aec', 'PFIT0011', 'str_sfdr8_aec', 'PFIT0011', 'str_sfdr8_aec', 'PFIT0605', 'str_sfdr8_aec', 'PFIT0605', 'str_sfdr8_aec', 'PFS00001', 'str_sfdr8_aec', 'PFS00001', 'str_sfdr8_aec', 'PFS00001', 'str_sfdr8_aec', 'PFS00059', 'str_sfdr8_aec', 'PFS00059', 'str_sfdr8_aec', 'PFS00365', 'str_sfdr8_aec']",[]
066050,8589934339,Bank of America Corp,"['str_001_s', 'str_002_ec', 'str_003_ec', 'str_003b_ec', 'str_004_asec', 'str_006_sec', 'scs_002_ec']","{'str_001_s': 'OK', 'str_002_ec': 'OK', 'str_003_ec': 'OK', 'str_003b_ec': 'OK', 'str_004_asec': 'OK', 'str_006_sec': 'OK', 'cs_003_sec': 'OK', 'scs_002_ec': 'OK'}","['CPE00035', 'str_003b_ec', 'CPE03861', 'str_002_ec', 'CPE03867', 'str_003b_ec', 'CPE03912', 'str_003b_ec', 'CPE04041', 'str_003b_ec', 'CPE04044', 'str_003b_ec', 'CPE04053', 'str_003b_ec', 'CPE05137', 'str_003b_ec', 'CPE05190', 'str_003b_ec', 'EPH00107', 'str_004_asec', 'EPV14004', 'str_001_s', 'EPV14005', 'str_001_s', 'EPV14005', 'str_001_s', 'FIG00677', 'str_004_asec', 'FIG01998', 'str_sfdr8_aec', 'FIG01998', 'str_sfdr8_aec', 'FIG02787', 'str_002_ec', 'FIG02787', 'str_002_ec', 'FIG04868', 'str_sfdr8_aec', 'FIG05402', 'str_004_asec', 'FIG05774', 'str_sfdr8_aec', 'FIH01197', 'str_sfdr8_aec', 'FIH01197', 'str_sfdr8_aec', 'FIN00315', 'str_sfdr8_aec', 'FIN00315', 'str_sfdr8_aec', 'FPB01158', 'str_004_asec', 'FPG01072', 'str_001_s', 'FPG01072', 'str_001_s', 'FPG01697', 'str_001_s', 'FPH00457', 'str_004_asec', 'LXMS0020', 'str_sfdr8_aec', 'LXMS0020', 'str_sfdr8_aec', 'LXMS0360', 'str_sfdr8_aec', 'LXMS0360', 'str_sfdr8_aec', 'LXMS0360', 'str_sfdr8_aec', 'LXMS0360', 'str_sfdr8_aec', 'LXMS0720', 'str_001_s', 'PFIT0011', 'str_sfdr8_aec', 'PFIT0011', 'str_sfdr8_aec', 'PFIT0011', 'str_sfdr8_aec', 'PFIT0605', 'str_sfdr8_aec', 'PFIT0605', 'str_sfdr8_aec', 'PFS00001', 'str_sfdr8_aec', 'PFS00001', 'str_sfdr8_aec', 'PFS00002', 'str_sfdr8_aec', 'PFS00002', 'str_sfdr8_aec', 'PFS00059', 'str_sfdr8_aec', 'PFS00059', 'str_sfdr8_aec', 'PFS00365', 'str_sfdr8_aec']",[]
808901,4295860592,Bank of Nova Scotia,"['str_001_s', 'str_002_ec', 'str_003_ec', 'str_004_asec', 'str_006_sec', 'scs_002_ec']","{'str_001_s': 'OK', 'str_002_ec': 'OK', 'str_003_ec': 'OK', 'str_004_asec': 'OK', 'str_006_sec': 'OK', 'cs_003_sec': 'OK', 'scs_002_ec': 'OK'}","['FIG05240', 'str_004_asec', 'FIG05241', 'str_004_asec', 'FIG05402', 'str_004_asec', 'PFIT0011', 'str_sfdr8_aec', 'PFIT0011', 'str_sfdr8_aec', 'PFIT0011', 'str_sfdr8_aec', 'PFIT0011', 'str_sfdr8_aec', 'PFIT0011', 'str_sfdr8_aec']",[]
B02433,8589934333,Barclays PLC,"['str_001_s', 'str_003_ec', 'str_003b_ec', 'str_004_asec', 'str_006_sec', 'scs_002_ec']","{'str_001_s': 'OK', 'str_003_ec': 'OK', 'str_003b_ec': 'OK', 'str_004_asec': 'OK', 'str_006_sec': 'OK', 'cs_003_sec': 'OK', 'scs_002_ec': 'OK'}","['EPV00060', 'str_001_s', 'FIG00677', 'str_004_asec', 'FIG01998', 'str_sfdr8_aec', 'FIG01998', 'str_sfdr8_aec', 'FIG01998', 'str_sfdr8_aec', 'FIG05240', 'str_004_asec', 'FIG05241', 'str_004_asec', 'FIG05273', 'str_004_asec', 'FIG05428', 'str_sfdr8_aec', 'FPB01158', 'str_004_asec', 'FPG00027', 'str_001_s', 'FPG00028', 'str_001_s', 'FPG00603', 'str_001_s', 'FPG01213', 'str_001_s', 'FPG01214', 'str_001_s', 'LXMS0020', 'str_sfdr8_aec', 'LXMS0020', 'str_sfdr8_aec', 'LXMS0360', 'str_sfdr8_aec', 'LXMS0580', 'str_sfdr8_aec', 'PFIT0011', 'str_sfdr8_aec', 'PFIT0605', 'str_sfdr8_aec', 'PFIT0605', 'str_sfdr8_aec', 'PFIT0605', 'str_sfdr8_aec', 'PFS00001', 'str_sfdr8_aec', 'PFS00001', 'str_sfdr8_aec', 'PFS00002', 'str_sfdr8_aec', 'PFS00059', 'str_sfdr8_aec', 'PFS00059', 'str_sfdr8_aec', 'PFS00059', 'str_sfdr8_aec']",[]
05564X,8589934326,BNP Paribas SA,"['str_001_s', 'str_002_ec', 'str_003_ec', 'str_003b_ec', 'str_004_asec', 'str_006_sec', 'scs_002_ec']","{'str_001_s': 'OK', 'str_002_ec': 'OK', 'str_003_ec': 'OK', 'str_003b_ec': 'OK', 'str_004_asec': 'OK', 'str_006_sec': 'OK', 'cs_003_sec': 'OK', 'scs_002_ec': 'OK'}","['ADM0PSA1', 'scs_002_ec', 'CPE00264', 'str_003b_ec', 'CPE03002', 'str_003b_ec', 'CPE03002', 'str_003b_ec', 'CPE03913', 'str_003b_ec', 'CPE05245', 'str_003b_ec', 'CPE05340', 'str_003b_ec', 'EPV00043', 'str_001_s', 'EPV14005', 'str_001_s', 'EPV14005', 'str_001_s', 'FIG00677', 'str_004_asec', 'FIG00677', 'str_004_asec', 'FIG00677', 'str_004_asec', 'FIG00677', 'str_004_asec', 'FIG00677', 'str_004_asec', 'FIG00677', 'str_004_asec', 'FIG00677', 'str_004_asec', 'FIG00677', 'str_004_asec', 'FIG00677', 'str_004_asec', 'FIG01998', 'str_sfdr8_aec', 'FIG01998', 'str_sfdr8_aec', 'FIG01998', 'str_sfdr8_aec', 'FIG01998', 'str_sfdr8_aec', 'FIG01998', 'str_sfdr8_aec', 'FIG02787', 'str_002_ec', 'FIG02787', 'str_002_ec', 'FIG02787', 'str_002_ec', 'FIG04868', 'str_sfdr8_aec', 'FIG04868', 'str_sfdr8_aec', 'FIG04868', 'str_sfdr8_aec', 'FIG05240', 'str_004_asec', 'FIG05240', 'str_004_asec', 'FIG05240', 'str_004_asec', 'FIG05240', 'str_004_asec', 'FIG05241', 'str_004_asec', 'FIG05241', 'str_004_asec', 'FIG05273', 'str_004_asec', 'FIG05402', 'str_004_asec', 'FIG05402', 'str_004_asec', 'FIG05402', 'str_004_asec', 'FIH01197', 'str_sfdr8_aec', 'FIH01197', 'str_sfdr8_aec', 'FIH01197', 'str_sfdr8_aec', 'FIN00315', 'str_sfdr8_aec', 'FIN00315', 'str_sfdr8_aec', 'FIN00441', 'str_sfdr8_aec', 'FIN00441', 'str_sfdr8_aec', 'FIN00441', 'str_sfdr8_aec', 'FPB01158', 'str_004_asec', 'FPB01158', 'str_004_asec', 'FPB01158', 'str_004_asec', 'FPB01158', 'str_004_asec', 'FPB01158', 'str_004_asec', 'FPB01158', 'str_004_asec', 'FPB01158', 'str_004_asec', 'FPB01158', 'str_004_asec', 'FPB01158', 'str_004_asec', 'FPB01158', 'str_004_asec', 'FPG00004', 'str_sfdr8_aec', 'FPG00005', 'str_sfdr8_aec', 'FPG00010', 'str_sfdr8_aec', 'FPG00018', 'str_sfdr8_aec', 'FPG00112', 'str_001_s', 'FPG00233', 'str_sfdr8_aec', 'FPG00376', 'str_sfdr8_aec', 'FPG01072', 'str_001_s', 'FPG01072', 'str_001_s', 'FPG01119', 'str_sfdr8_aec', 'FPG01212', 'str_sfdr8_aec', 'FPG01278', 'str_003_ec', 'FPG01758', 'str_sfdr8_aec', 'FPG01758', 'str_sfdr8_aec', 'FPG15900', 'str_sfdr8_aec', 'FPG20002', 'str_sfdr8_aec', 'FPH00706', 'str_sfdr8_aec', 'LXMS0020', 'str_sfdr8_aec', 'LXMS0020', 'str_sfdr8_aec', 'LXMS0020', 'str_sfdr8_aec', 'LXMS0020', 'str_sfdr8_aec', 'LXMS0020', 'str_sfdr8_aec', 'LXMS0240', 'str_sfdr8_aec', 'LXMS0360', 'str_sfdr8_aec', 'LXMS0360', 'str_sfdr8_aec', 'LXMS0360', 'str_sfdr8_aec', 'LXMS0360', 'str_sfdr8_aec', 'LXMS0580', 'str_sfdr8_aec', 'LXMS0730', 'str_sfdr8_aec', 'PFI01549', 'str_sfdr8_aec', 'PFIT0011', 'str_sfdr8_aec', 'PFIT0011', 'str_sfdr8_aec', 'PFIT0011', 'str_sfdr8_aec', 'PFIT0516', 'str_sfdr8_aec', 'PFIT0605', 'str_sfdr8_aec', 'PFIT0605', 'str_sfdr8_aec', 'PFIT0605', 'str_sfdr8_aec', 'PFS00001', 'str_sfdr8_aec', 'PFS00001', 'str_sfdr8_aec', 'PFS00001', 'str_sfdr8_aec', 'PFS00059', 'str_sfdr8_aec', 'PFS00059', 'str_sfdr8_aec', 'PFS00059', 'str_sfdr8_aec']",[]
E81396,5000084509,Bpce SA,"['str_001_s', 'str_002_ec', 'str_003_ec', 'str_003b_ec', 'str_004_asec', 'str_006_sec', 'scs_002_ec']","{'str_001_s': 'OK', 'str_002_ec': 'OK', 'str_003_ec': 'OK', 'str_003b_ec': 'OK', 'str_004_asec': 'OK', 'str_006_sec': 'OK', 'cs_003_sec': 'OK', 'scs_002_ec': 'OK'}","['ADM0PSA2', 'scs_002_ec', 'CPE00448', 'str_003b_ec', 'EPV14005', 'str_001_s', 'EPV14005', 'str_001_s', 'FIG00677', 'str_004_asec', 'FIG00677', 'str_004_asec', 'FIG00677', 'str_004_asec', 'FIG01998', 'str_sfdr8_aec', 'FIG01998', 'str_sfdr8_aec', 'FIG01998', 'str_sfdr8_aec', 'FIG01998', 'str_sfdr8_aec', 'FIG01998', 'str_sfdr8_aec', 'FIG01998', 'str_sfdr8_aec', 'FIG01998', 'str_sfdr8_aec', 'FIG02787', 'str_002_ec', 'FIG02787', 'str_002_ec', 'FIG02787', 'str_002_ec', 'FIG04868', 'str_sfdr8_aec', 'FIG04868', 'str_sfdr8_aec', 'FIG04868', 'str_sfdr8_aec', 'FIG05698', 'str_sfdr8_aec', 'FIG05698', 'str_sfdr8_aec', 'FIH01197', 'str_sfdr8_aec', 'FIH01197', 'str_sfdr8_aec', 'FIN00315', 'str_sfdr8_aec', 'FIN00315', 'str_sfdr8_aec', 'FIN00441', 'str_sfdr8_aec', 'FIN00441', 'str_sfdr8_aec', 'FPB01158', 'str_004_asec', 'FPB01158', 'str_004_asec', 'FPB01158', 'str_004_asec', 'FPB01158', 'str_004_asec', 'FPB01158', 'str_004_asec', 'FPG01072', 'str_001_s', 'FPG01072', 'str_001_s', 'LXMS0020', 'str_sfdr8_aec', 'LXMS0020', 'str_sfdr8_aec', 'LXMS0020', 'str_sfdr8_aec', 'LXMS0020', 'str_sfdr8_aec', 'LXMS0020', 'str_sfdr8_aec', 'LXMS0020', 'str_sfdr8_aec', 'LXMS0020', 'str_sfdr8_aec', 'LXMS0360', 'str_sfdr8_aec', 'LXMS0360', 'str_sfdr8_aec', 'LXMS0360', 'str_sfdr8_aec', 'LXMS0730', 'str_sfdr8_aec', 'PFI01549', 'str_sfdr8_aec', 'PFI01549', 'str_sfdr8_aec', 'PFI01549', 'str_sfdr8_aec', 'PFIT0011', 'str_sfdr8_aec', 'PFIT0011', 'str_sfdr8_aec', 'PFIT0605', 'str_sfdr8_aec', 'PFIT0605', 'str_sfdr8_aec', 'PFIT0605', 'str_sfdr8_aec', 'PFIT0605', 'str_sfdr8_aec', 'PFIT0605', 'str_sfdr8_aec', 'PFIT0605', 'str_sfdr8_aec', 'PFIT0605', 'str_sfdr8_aec', 'PFS00001', 'str_sfdr8_aec', 'PFS00001', 'str_sfdr8_aec', 'PFS00001', 'str_sfdr8_aec', 'PFS00001', 'str_sfdr8_aec', 'PFS00001', 'str_sfdr8_aec', 'PFS00001', 'str_sfdr8_aec', 'PFS00002', 'str_sfdr8_aec', 'PFS00002', 'str_sfdr8_aec', 'PFS00002', 'str_sfdr8_aec', 'PFS00059', 'str_sfdr8_aec', 'PFS00059', 'str_sfdr8_aec', 'PFS00059', 'str_sfdr8_aec', 'PFS00059', 'str_sfdr8_aec', 'PFS00059', 'str_sfdr8_aec', 'PFS00059', 'str_sfdr8_aec', 'PFS00059', 'str_sfdr8_aec']",[]
172967,8589934316,Citigroup Inc,"['str_001_s', 'str_002_ec', 'str_003_ec', 'str_003b_ec', 'str_004_asec', 'str_006_sec', 'scs_001_sec', 'scs_002_ec']","{'str_001_s': 'OK', 'str_002_ec': 'OK', 'str_003_ec': 'OK', 'str_003b_ec': 'OK', 'str_004_asec': 'OK', 'str_006_sec': 'OK', 'cs_003_sec': 'OK', 'scs_002_ec': 'OK'}","['ADM0PSA2', 'scs_002_ec', 'CPE00035', 'str_003b_ec', 'CPE00456', 'str_003b_ec', 'CPE03861', 'str_002_ec', 'CPE03867', 'str_003b_ec', 'CPE05137', 'str_003b_ec', 'CPE05318', 'str_003b_ec', 'EPH00107', 'str_004_asec', 'EPV14004', 'str_001_s', 'FIG00677', 'str_004_asec', 'FIG01998', 'str_sfdr8_aec', 'FIG01998', 'str_sfdr8_aec', 'FIG05240', 'str_004_asec', 'FIG05241', 'str_004_asec', 'FIG05402', 'str_004_asec', 'FIH01197', 'str_sfdr8_aec', 'FIN00315', 'str_sfdr8_aec', 'FIN00441', 'str_sfdr8_aec', 'FPB01158', 'str_004_asec', 'FPB01158', 'str_004_asec', 'FPG01697', 'str_001_s', 'FPH00457', 'str_004_asec', 'LXMS0020', 'str_sfdr8_aec', 'LXMS0360', 'str_sfdr8_aec', 'LXMS0360', 'str_sfdr8_aec', 'LXMS0360', 'str_sfdr8_aec', 'LXMS0360', 'str_sfdr8_aec', 'LXMS0580', 'str_sfdr8_aec', 'LXMS0580', 'str_sfdr8_aec', 'LXMS0720', 'str_001_s', 'PFI01549', 'str_sfdr8_aec', 'PFIT0011', 'str_sfdr8_aec', 'PFIT0011', 'str_sfdr8_aec', 'PFIT0011', 'str_sfdr8_aec', 'PFIT0605', 'str_sfdr8_aec', 'PFIT0605', 'str_sfdr8_aec', 'PFS00001', 'str_sfdr8_aec', 'PFS00059', 'str_sfdr8_aec', 'PFS00059', 'str_sfdr8_aec']",[]
G33893,5000437425,Corporacion Acciona Energias Renovables SA,"['str_004_asec', 'scs_001_sec']","{'str_002_ec': 'EXCLUDED', 'str_004_asec': 'OK', 'scs_001_sec': 'OK', 'scs_002_ec': 'OK'}","['FIG05240', 'str_004_asec', 'FIG05241', 'str_004_asec', 'FIG05273', 'str_004_asec', 'FIH00058', 'str_sfdr8_aec', 'FPG01079', 'str_001_s']",[]
128005,8589934312,Credit Agricole SA,"['str_001_s', 'str_002_ec', 'str_003_ec', 'str_003b_ec', 'str_004_asec', 'str_006_sec', 'scs_002_ec']","{'str_001_s': 'OK', 'str_002_ec': 'OK', 'str_003_ec': 'OK', 'str_003b_ec': 'OK', 'str_004_asec': 'OK', 'str_006_sec': 'OK', 'cs_003_sec': 'OK', 'scs_002_ec': 'OK'}","['CPE00035', 'str_003b_ec', 'CPE03861', 'str_002_ec', 'CPE03867', 'str_003b_ec', 'CPE04041', 'str_003b_ec', 'CPE04044', 'str_003b_ec', 'CPE04081', 'str_003b_ec', 'CPE05137', 'str_003b_ec', 'CPE05189', 'str_003b_ec', 'CPE05190', 'str_003b_ec', 'EPV14005', 'str_001_s', 'EPV14005', 'str_001_s', 'FIG00677', 'str_004_asec', 'FIG00677', 'str_004_asec', 'FIG00677', 'str_004_asec', 'FIG00677', 'str_004_asec', 'FIG00677', 'str_004_asec', 'FIG01998', 'str_sfdr8_aec', 'FIG01998', 'str_sfdr8_aec', 'FIG01998', 'str_sfdr8_aec', 'FIG01998', 'str_sfdr8_aec', 'FIG01998', 'str_sfdr8_aec', 'FIG01998', 'str_sfdr8_aec', 'FIG02787', 'str_002_ec', 'FIG02787', 'str_002_ec', 'FIG02787', 'str_002_ec', 'FIG02787', 'str_002_ec', 'FIG02787', 'str_002_ec', 'FIG04868', 'str_sfdr8_aec', 'FIG04868', 'str_sfdr8_aec', 'FIG04868', 'str_sfdr8_aec', 'FIG05240', 'str_004_asec', 'FIG05240', 'str_004_asec', 'FIG05240', 'str_004_asec', 'FIG05240', 'str_004_asec', 'FIG05241', 'str_004_asec', 'FIG05241', 'str_004_asec', 'FIG05241', 'str_004_asec', 'FIG05402', 'str_004_asec', 'FIG05402', 'str_004_asec', 'FIG05402', 'str_004_asec', 'FIG05402', 'str_004_asec', 'FIG05698', 'str_sfdr8_aec', 'FIG05698', 'str_sfdr8_aec', 'FIH01197', 'str_sfdr8_aec', 'FIH01197', 'str_sfdr8_aec', 'FIH01197', 'str_sfdr8_aec', 'FIN00315', 'str_sfdr8_aec', 'FIN00315', 'str_sfdr8_aec', 'FIN00315', 'str_sfdr8_aec', 'FIN00441', 'str_sfdr8_aec', 'FIN00441', 'str_sfdr8_aec', 'FIN00441', 'str_sfdr8_aec', 'FIN00441', 'str_sfdr8_aec', 'FIN00441', 'str_sfdr8_aec', 'FIN00441', 'str_sfdr8_aec', 'FPB01158', 'str_004_asec', 'FPB01158', 'str_004_asec', 'FPB01158', 'str_004_asec', 'FPB01158', 'str_004_asec', 'FPB01158', 'str_004_asec', 'FPG01072', 'str_001_s', 'FPG01072', 'str_001_s', 'LXMS0020', 'str_sfdr8_aec', 'LXMS0020', 'str_sfdr8_aec', 'LXMS0020', 'str_sfdr8_aec', 'LXMS0020', 'str_sfdr8_aec', 'LXMS0020', 'str_sfdr8_aec', 'LXMS0020', 'str_sfdr8_aec', 'LXMS0020', 'str_sfdr8_aec', 'LXMS0020', 'str_sfdr8_aec', 'LXMS0020', 'str_sfdr8_aec', 'LXMS0360', 'str_sfdr8_aec', 'LXMS0360', 'str_sfdr8_aec', 'LXMS0360', 'str_sfdr8_aec', 'LXMS0360', 'str_sfdr8_aec', 'LXMS0770', 'str_sfdr8_aec', 'PFI01549', 'str_sfdr8_aec', 'PFI01549', 'str_sfdr8_aec', 'PFI01549', 'str_sfdr8_aec', 'PFIT0011', 'str_sfdr8_aec', 'PFIT0605', 'str_sfdr8_aec', 'PFIT0605', 'str_sfdr8_aec', 'PFIT0605', 'str_sfdr8_aec', 'PFIT0605', 'str_sfdr8_aec', 'PFIT0605', 'str_sfdr8_aec', 'PFS00001', 'str_sfdr8_aec', 'PFS00001', 'str_sfdr8_aec', 'PFS00001', 'str_sfdr8_aec', 'PFS00001', 'str_sfdr8_aec', 'PFS00002', 'str_sfdr8_aec', 'PFS00002', 'str_sfdr8_aec', 'PFS00002', 'str_sfdr8_aec', 'PFS00059', 'str_sfdr8_aec', 'PFS00059', 'str_sfdr8_aec', 'PFS00059', 'str_sfdr8_aec', 'PFS00059', 'str_sfdr8_aec', 'PFS00059', 'str_sfdr8_aec', 'PFS00365', 'str_sfdr8_aec', 'PFS00365', 'str_sfdr8_aec']",[]
251525,4295869482,Deutsche Bank AG,"['str_001_s', 'str_002_ec', 'str_003_ec', 'str_003b_ec', 'str_004_asec', 'str_006_sec', 'scs_002_ec']","{'str_001_s': 'FLAG', 'str_002_ec': 'OK', 'str_003_ec': 'FLAG', 'str_003b_ec': 'OK', 'str_004_asec': 'FLAG', 'str_006_sec': 'FLAG', 'str_sfdr8_aec': 'FLAG', 'scs_001_sec': 'FLAG', 'scs_002_ec': 'EXCLUDED', 'str_005_ec': 'EXCLUDED', 'cs_003_sec': 'OK'}","['CPE03861', 'str_002_ec', 'CPE03912', 'str_003b_ec', 'CPE03912', 'str_003b_ec', 'EPV14005', 'str_001_s', 'EPV14005', 'str_001_s', 'FIG01998', 'str_sfdr8_aec', 'FIG01998', 'str_sfdr8_aec', 'FIG01998', 'str_sfdr8_aec', 'FIG01998', 'str_sfdr8_aec', 'FIG02787', 'str_002_ec', 'FIH01197', 'str_sfdr8_aec', 'FIH01197', 'str_sfdr8_aec', 'FIH01197', 'str_sfdr8_aec', 'FIN00315', 'str_sfdr8_aec', 'FIN00315', 'str_sfdr8_aec', 'FIN00441', 'str_sfdr8_aec', 'FIN00441', 'str_sfdr8_aec', 'FIN00441', 'str_sfdr8_aec', 'FIN00441', 'str_sfdr8_aec', 'FPG01072', 'str_001_s', 'FPG01072', 'str_001_s', 'LXMS0020', 'str_sfdr8_aec', 'LXMS0020', 'str_sfdr8_aec', 'LXMS0360', 'str_sfdr8_aec', 'PFIT0011', 'str_sfdr8_aec', 'PFIT0011', 'str_sfdr8_aec', 'PFIT0011', 'str_sfdr8_aec', 'PFIT0605', 'str_sfdr8_aec', 'PFIT0605', 'str_sfdr8_aec', 'PFIT0647', 'str_sfdr8_aec', 'PFS00001', 'str_sfdr8_aec', 'PFS00001', 'str_sfdr8_aec', 'PFS00059', 'str_sfdr8_aec', 'PFS00059', 'str_sfdr8_aec']",[]
G07060,5037629126,Eaton Corporation PLC,"['str_001_s', 'str_002_ec', 'str_003_ec', 'str_003b_ec', 'str_004_asec']",,"['EPV14004', 'str_001_s', 'FIG05774', 'str_sfdr8_aec', 'FPG01697', 'str_001_s', 'LXMS0720', 'str_001_s']",[]
38142U,4295911963,Goldman Sachs Group Inc,"['str_001_s', 'str_002_ec', 'str_003_ec', 'str_003b_ec', 'str_004_asec', 'str_006_sec', 'scs_002_ec']","{'str_001_s': 'OK', 'str_002_ec': 'OK', 'str_003_ec': 'OK', 'str_003b_ec': 'OK', 'str_004_asec': 'OK', 'str_006_sec': 'OK', 'cs_003_sec': 'OK', 'scs_002_ec': 'OK'}","['ADM0PSA1', 'scs_002_ec', 'ADM0PSA1', 'scs_002_ec', 'ADM0PSA2', 'scs_002_ec', 'EPH00107', 'str_004_asec', 'EPV14004', 'str_001_s', 'FIG01998', 'str_sfdr8_aec', 'FIG01998', 'str_sfdr8_aec', 'FIG02787', 'str_002_ec', 'FIG04868', 'str_sfdr8_aec', 'FIG05698', 'str_sfdr8_aec', 'FIG05698', 'str_sfdr8_aec', 'FIH01197', 'str_sfdr8_aec', 'FIN00441', 'str_sfdr8_aec', 'FPG01697', 'str_001_s', 'FPH00457', 'str_004_asec', 'LXMS0020', 'str_sfdr8_aec', 'LXMS0020', 'str_sfdr8_aec', 'LXMS0360', 'str_sfdr8_aec', 'LXMS0360', 'str_sfdr8_aec', 'LXMS0360', 'str_sfdr8_aec', 'LXMS0360', 'str_sfdr8_aec', 'LXMS0360', 'str_sfdr8_aec', 'LXMS0720', 'str_001_s', 'LXMS0770', 'str_sfdr8_aec', 'PFI01549', 'str_sfdr8_aec', 'PFIT0011', 'str_sfdr8_aec', 'PFIT0011', 'str_sfdr8_aec', 'PFIT0605', 'str_sfdr8_aec', 'PFIT0605', 'str_sfdr8_aec', 'PFS00001', 'str_sfdr8_aec', 'PFS00001', 'str_sfdr8_aec', 'PFS00002', 'str_sfdr8_aec', 'PFS00002', 'str_sfdr8_aec', 'PFS00059', 'str_sfdr8_aec', 'PFS00059', 'str_sfdr8_aec', 'PFS00365', 'str_sfdr8_aec', 'PFS00365', 'str_sfdr8_aec']",[]
R63514,4295868961,Heidelberg Materials AG,['str_004_asec'],,"['EPV00043', 'str_001_s', 'FIG01998', 'str_sfdr8_aec', 'FIG02787', 'str_002_ec', 'FIG02787', 'str_002_ec', 'FIG05240', 'str_004_asec', 'FIG05241', 'str_004_asec', 'FIG05402', 'str_004_asec', 'FPG00112', 'str_001_s', 'LXMS0240', 'str_sfdr8_aec', 'PFIT0516', 'str_sfdr8_aec']",[]
G15666,5036874979,HeidelbergCement Finance Luxembourg SA,['str_004_asec'],,"['FIG00677', 'str_004_asec', 'FIG01998', 'str_sfdr8_aec', 'FIG01998', 'str_sfdr8_aec', 'FPB01158', 'str_004_asec', 'LXMS0020', 'str_sfdr8_aec', 'PFIT0011', 'str_sfdr8_aec', 'PFIT0605', 'str_sfdr8_aec', 'PFS00001', 'str_sfdr8_aec', 'PFS00002', 'str_sfdr8_aec', 'PFS00059', 'str_sfdr8_aec']",[]
C70514,4295875817,Hera SpA,['str_004_asec'],{'str_004_asec': 'OK'},"['ADM0PSA1', 'scs_002_ec', 'FIG00677', 'str_004_asec', 'FIG00677', 'str_004_asec', 'FIG01998', 'str_sfdr8_aec', 'FIG01998', 'str_sfdr8_aec', 'FIG02787', 'str_002_ec', 'FIG05240', 'str_004_asec', 'FIG05240', 'str_004_asec', 'FIG05241', 'str_004_asec', 'FIG05241', 'str_004_asec', 'FIG05402', 'str_004_asec', 'FIG05402', 'str_004_asec', 'FIG05402', 'str_004_asec', 'FPB01158', 'str_004_asec', 'FPB01158', 'str_004_asec', 'LXMS0020', 'str_sfdr8_aec', 'LXMS0020', 'str_sfdr8_aec', 'PFI01549', 'str_sfdr8_aec', 'PFIT0605', 'str_sfdr8_aec', 'PFIT0605', 'str_sfdr8_aec', 'PFS00001', 'str_sfdr8_aec', 'PFS00001', 'str_sfdr8_aec', 'PFS00002', 'str_sfdr8_aec', 'PFS00002', 'str_sfdr8_aec', 'PFS00059', 'str_sfdr8_aec', 'PFS00059', 'str_sfdr8_aec']",[]
C74218,5000063286,Holding d'Infrastructures de Transport SAS,"['str_004_asec', 'scs_001_sec']","{'str_004_asec': 'OK', 'scs_001_sec': 'OK', 'scs_002_ec': 'OK'}","['FIG00677', 'str_004_asec', 'FIG01998', 'str_sfdr8_aec']",[]
R71927,8589934275,HSBC Holdings PLC,"['str_001_s', 'str_003_ec', 'str_003b_ec', 'str_004_asec', 'str_006_sec', 'scs_002_ec']","{'str_001_s': 'OK', 'str_003_ec': 'OK', 'str_003b_ec': 'OK', 'str_004_asec': 'OK', 'str_006_sec': 'OK', 'cs_003_sec': 'OK', 'scs_002_ec': 'OK'}","['ADM0PSA1', 'scs_002_ec', 'ADM0PSA2', 'scs_002_ec', 'CPE03913', 'str_003b_ec', 'CPE04044', 'str_003b_ec', 'EPV00060', 'str_001_s', 'FIG00677', 'str_004_asec', 'FIG00677', 'str_004_asec', 'FIG00677', 'str_004_asec', 'FIG01998', 'str_sfdr8_aec', 'FIG01998', 'str_sfdr8_aec', 'FIG01998', 'str_sfdr8_aec', 'FIG05240', 'str_004_asec', 'FIG05241', 'str_004_asec', 'FIG05273', 'str_004_asec', 'FIG05428', 'str_sfdr8_aec', 'FIN00441', 'str_sfdr8_aec', 'FIN00441', 'str_sfdr8_aec', 'FPB01158', 'str_004_asec', 'FPB01158', 'str_004_asec', 'FPG00027', 'str_001_s', 'FPG00028', 'str_001_s', 'FPG00603', 'str_001_s', 'FPG01213', 'str_001_s', 'FPG01214', 'str_001_s', 'LXMS0020', 'str_sfdr8_aec', 'LXMS0020', 'str_sfdr8_aec', 'LXMS0020', 'str_sfdr8_aec', 'LXMS0360', 'str_sfdr8_aec', 'LXMS0360', 'str_sfdr8_aec', 'LXMS0360', 'str_sfdr8_aec', 'LXMS0580', 'str_sfdr8_aec', 'LXMS0730', 'str_sfdr8_aec', 'PFIT0011', 'str_sfdr8_aec', 'PFIT0605', 'str_sfdr8_aec', 'PFIT0605', 'str_sfdr8_aec', 'PFS00001', 'str_sfdr8_aec', 'PFS00001', 'str_sfdr8_aec', 'PFS00002', 'str_sfdr8_aec', 'PFS00059', 'str_sfdr8_aec', 'PFS00059', 'str_sfdr8_aec']",[]
616880,5000021791,JPMorgan Chase & Co,"['str_001_s', 'str_002_ec', 'str_003_ec', 'str_003b_ec', 'str_004_asec', 'str_006_sec', 'scs_002_ec']","{'str_005_ec': 'EXCLUDED', 'str_001_s': 'OK', 'str_002_ec': 'OK', 'str_003_ec': 'OK', 'str_003b_ec': 'OK', 'str_004_asec': 'OK', 'str_006_sec': 'OK', 'cs_003_sec': 'OK', 'scs_002_ec': 'OK'}","['ADM0PSA1', 'scs_002_ec', 'ADM0PSA2', 'scs_002_ec', 'CPE03002', 'str_003b_ec', 'EPH00107', 'str_004_asec', 'EPV14004', 'str_001_s', 'FIG00677', 'str_004_asec', 'FIG00677', 'str_004_asec', 'FIG00677', 'str_004_asec', 'FIG00677', 'str_004_asec', 'FIG01998', 'str_sfdr8_aec', 'FIG01998', 'str_sfdr8_aec', 'FIG01998', 'str_sfdr8_aec', 'FIG02787', 'str_002_ec', 'FIG02787', 'str_002_ec', 'FIG02787', 'str_002_ec', 'FIG02787', 'str_002_ec', 'FIG04868', 'str_sfdr8_aec', 'FIG05774', 'str_sfdr8_aec', 'FPB01158', 'str_004_asec', 'FPB01158', 'str_004_asec', 'FPB01158', 'str_004_asec', 'FPB01158', 'str_004_asec', 'FPG01697', 'str_001_s', 'FPH00457', 'str_004_asec', 'LXMS0020', 'str_sfdr8_aec', 'LXMS0020', 'str_sfdr8_aec', 'LXMS0020', 'str_sfdr8_aec', 'LXMS0020', 'str_sfdr8_aec', 'LXMS0360', 'str_sfdr8_aec', 'LXMS0360', 'str_sfdr8_aec', 'LXMS0360', 'str_sfdr8_aec', 'LXMS0360', 'str_sfdr8_aec', 'LXMS0580', 'str_sfdr8_aec', 'LXMS0720', 'str_001_s', 'PFI01549', 'str_sfdr8_aec', 'PFI01549', 'str_sfdr8_aec', 'PFIT0011', 'str_sfdr8_aec', 'PFIT0011', 'str_sfdr8_aec', 'PFIT0605', 'str_sfdr8_aec', 'PFIT0605', 'str_sfdr8_aec', 'PFIT0605', 'str_sfdr8_aec', 'PFIT0605', 'str_sfdr8_aec', 'PFS00001', 'str_sfdr8_aec', 'PFS00001', 'str_sfdr8_aec', 'PFS00001', 'str_sfdr8_aec', 'PFS00002', 'str_sfdr8_aec', 'PFS00002', 'str_sfdr8_aec', 'PFS00059', 'str_sfdr8_aec', 'PFS00059', 'str_sfdr8_aec', 'PFS00059', 'str_sfdr8_aec', 'PFS00059', 'str_sfdr8_aec', 'PFS00365', 'str_sfdr8_aec', 'PFS00365', 'str_sfdr8_aec']",[]
R88802,4295884672,Koninklijke Ahold Delhaize NV,"['str_002_ec', 'str_005_ec']","{'str_002_ec': 'OK', 'str_005_ec': 'OK'}","['CPE03744', 'scs_001_sec', 'FIG00677', 'str_004_asec', 'FIG00677', 'str_004_asec', 'FIG01998', 'str_sfdr8_aec', 'FIG01998', 'str_sfdr8_aec', 'FIG01998', 'str_sfdr8_aec', 'FIG01998', 'str_sfdr8_aec', 'FIG01998', 'str_sfdr8_aec', 'FIG02164', 'str_sfdr8_aec', 'FIG02787', 'str_002_ec', 'FIG02787', 'str_002_ec', 'FIG02787', 'str_002_ec', 'FIG02787', 'str_002_ec', 'FIG05240', 'str_004_asec', 'FIG05241', 'str_004_asec', 'FIG05402', 'str_004_asec', 'FIH00529', 'str_005_ec', 'FPB01158', 'str_004_asec', 'FPB01158', 'str_004_asec', 'LXMS0020', 'str_sfdr8_aec', 'LXMS0020', 'str_sfdr8_aec', 'LXMS0040', 'str_sfdr8_aec', 'LXMS0580', 'str_sfdr8_aec', 'LXMS0730', 'str_sfdr8_aec', 'PFI01549', 'str_sfdr8_aec', 'PFIT0605', 'str_sfdr8_aec', 'PFIT0605', 'str_sfdr8_aec', 'PFIT0605', 'str_sfdr8_aec', 'PFIT0605', 'str_sfdr8_aec', 'PFS00001', 'str_sfdr8_aec', 'PFS00001', 'str_sfdr8_aec', 'PFS00059', 'str_sfdr8_aec', 'PFS00059', 'str_sfdr8_aec', 'PFS00059', 'str_sfdr8_aec', 'PFS00059', 'str_sfdr8_aec', 'PFS00365', 'str_sfdr8_aec']",[]
F65610,5037242956,Kutxabank SA,"['str_004_asec', 'scs_001_sec']","{'str_004_asec': 'OK', 'scs_001_sec': 'OK'}","['CPE03986', 'str_003b_ec', 'FIG00677', 'str_004_asec', 'FIG01998', 'str_sfdr8_aec', 'FIG04868', 'str_sfdr8_aec', 'FIG05240', 'str_004_asec', 'FIG05241', 'str_004_asec', 'FIG05402', 'str_004_asec', 'FPB01158', 'str_004_asec']",[]
M23905,5083858869,Linde PLC,['str_004_asec'],"{'str_004_asec': 'OK', 'str_005_ec': 'EXCLUDED'}","['EPH00107', 'str_004_asec', 'EPV00043', 'str_001_s', 'EPV00060', 'str_001_s', 'EPV14004', 'str_001_s', 'FIG00677', 'str_004_asec', 'FIG05240', 'str_004_asec', 'FIG05241', 'str_004_asec', 'FIG05273', 'str_004_asec', 'FIG05428', 'str_sfdr8_aec', 'FPB01158', 'str_004_asec', 'FPG00027', 'str_001_s', 'FPG00028', 'str_001_s', 'FPG00112', 'str_001_s', 'FPG00603', 'str_001_s', 'FPG01213', 'str_001_s', 'FPG01214', 'str_001_s', 'FPG01697', 'str_001_s', 'FPH00457', 'str_004_asec', 'LXMS0240', 'str_sfdr8_aec', 'LXMS0720', 'str_001_s', 'PFIT0516', 'str_sfdr8_aec']",[]
R58012,8589934254,Lloyds Banking Group PLC,"['str_001_s', 'str_002_ec', 'str_003_ec', 'str_003b_ec', 'str_004_asec', 'str_006_sec', 'scs_002_ec']","{'str_001_s': 'OK', 'str_002_ec': 'OK', 'str_003_ec': 'OK', 'str_003b_ec': 'OK', 'str_004_asec': 'OK', 'str_006_sec': 'OK', 'cs_003_sec': 'OK', 'scs_002_ec': 'OK'}","['FIG01998', 'str_sfdr8_aec', 'FIG02787', 'str_002_ec', 'FIG02787', 'str_002_ec', 'FIG05240', 'str_004_asec', 'FIG05240', 'str_004_asec', 'FIG05241', 'str_004_asec', 'FIG05241', 'str_004_asec', 'FIG05273', 'str_004_asec', 'FIG05402', 'str_004_asec', 'FIG05402', 'str_004_asec', 'FIG05698', 'str_sfdr8_aec', 'LXMS0020', 'str_sfdr8_aec', 'LXMS0360', 'str_sfdr8_aec', 'LXMS0580', 'str_sfdr8_aec', 'PFI01549', 'str_sfdr8_aec', 'PFIT0011', 'str_sfdr8_aec', 'PFIT0011', 'str_sfdr8_aec', 'PFIT0605', 'str_sfdr8_aec', 'PFS00001', 'str_sfdr8_aec', 'PFS00002', 'str_sfdr8_aec', 'PFS00059', 'str_sfdr8_aec']",[]
R53964,4295867411,Compagnie Generale des Etablissements Michelin SCA,['str_005_ec'],{'str_005_ec': 'OK'},"['EPV00060', 'str_001_s', 'FIG02164', 'str_sfdr8_aec', 'FIG02787', 'str_002_ec', 'FIG05240', 'str_004_asec', 'FIG05241', 'str_004_asec', 'FIG05273', 'str_004_asec', 'FIG05428', 'str_sfdr8_aec', 'FIH00529', 'str_005_ec', 'FPG00004', 'str_sfdr8_aec', 'FPG00005', 'str_sfdr8_aec', 'FPG00010', 'str_sfdr8_aec', 'FPG00018', 'str_sfdr8_aec', 'FPG00027', 'str_001_s', 'FPG00028', 'str_001_s', 'FPG00376', 'str_sfdr8_aec', 'FPG00603', 'str_001_s', 'FPG01119', 'str_sfdr8_aec', 'FPG01213', 'str_001_s', 'FPG01214', 'str_001_s', 'FPG01278', 'str_003_ec', 'FPG15900', 'str_sfdr8_aec', 'FPG20002', 'str_sfdr8_aec', 'FPH00706', 'str_sfdr8_aec', 'LXMS0040', 'str_sfdr8_aec']",[]
R70130,5000000933,Mitsubishi UFJ Financial Group Inc,"['str_001_s', 'str_002_ec', 'str_003_ec', 'str_003b_ec', 'str_004_asec', 'str_006_sec', 'scs_002_ec']","{'str_001_s': 'OK', 'str_002_ec': 'OK', 'str_003_ec': 'OK', 'str_003b_ec': 'OK', 'str_004_asec': 'OK', 'str_006_sec': 'OK', 'cs_003_sec': 'OK', 'scs_002_ec': 'OK'}","['FIG00677', 'str_004_asec', 'FIG05240', 'str_004_asec', 'FIG05402', 'str_004_asec', 'FPB01158', 'str_004_asec']",[]
MIZ00A,4295878505,Mizuho Financial Group Inc,"['str_001_s', 'str_002_ec', 'str_003_ec', 'str_003b_ec', 'str_004_asec', 'str_006_sec', 'scs_002_ec']","{'str_001_s': 'OK', 'str_002_ec': 'OK', 'str_003_ec': 'OK', 'str_003b_ec': 'OK', 'str_004_asec': 'OK', 'str_006_sec': 'OK', 'cs_003_sec': 'OK', 'scs_002_ec': 'OK'}","['ADM0PSA1', 'scs_002_ec', 'FIG00677', 'str_004_asec', 'FIG00677', 'str_004_asec', 'FIG05402', 'str_004_asec', 'FPB01158', 'str_004_asec', 'FPB01158', 'str_004_asec']",[]
617446,4295904557,Morgan Stanley,"['str_001_s', 'str_003_ec', 'str_003b_ec', 'str_004_asec', 'str_006_sec', 'scs_002_ec']","{'str_001_s': 'OK', 'str_003_ec': 'OK', 'str_003b_ec': 'OK', 'str_004_asec': 'OK', 'str_006_sec': 'OK', 'cs_003_sec': 'OK', 'scs_002_ec': 'OK'}","['EPH00107', 'str_004_asec', 'EPV14004', 'str_001_s', 'FIG00677', 'str_004_asec', 'FIG00677', 'str_004_asec', 'FIG00677', 'str_004_asec', 'FIG00677', 'str_004_asec', 'FIG01998', 'str_sfdr8_aec', 'FIG01998', 'str_sfdr8_aec', 'FIG04868', 'str_sfdr8_aec', 'FIG05774', 'str_sfdr8_aec', 'FIH01197', 'str_sfdr8_aec', 'FIN00315', 'str_sfdr8_aec', 'FIN00441', 'str_sfdr8_aec', 'FPB01158', 'str_004_asec', 'FPB01158', 'str_004_asec', 'FPB01158', 'str_004_asec', 'FPB01158', 'str_004_asec', 'FPG01697', 'str_001_s', 'FPH00457', 'str_004_asec', 'LXMS0020', 'str_sfdr8_aec', 'LXMS0020', 'str_sfdr8_aec', 'LXMS0360', 'str_sfdr8_aec', 'LXMS0360', 'str_sfdr8_aec', 'LXMS0360', 'str_sfdr8_aec', 'LXMS0720', 'str_001_s', 'PFIT0011', 'str_sfdr8_aec', 'PFIT0011', 'str_sfdr8_aec', 'PFIT0011', 'str_sfdr8_aec', 'PFIT0011', 'str_sfdr8_aec', 'PFIT0605', 'str_sfdr8_aec', 'PFIT0605', 'str_sfdr8_aec', 'PFS00001', 'str_sfdr8_aec', 'PFS00059', 'str_sfdr8_aec', 'PFS00059', 'str_sfdr8_aec']",[]
R55597,4296555135,NATWEST MARKETS PLC,"['str_001_s', 'str_002_ec', 'str_003_ec', 'str_003b_ec', 'str_004_asec', 'str_006_sec', 'scs_001_sec', 'scs_002_ec']","{'str_001_s': 'OK', 'str_002_ec': 'OK', 'str_003_ec': 'OK', 'str_003b_ec': 'OK', 'str_004_asec': 'OK', 'str_006_sec': 'OK', 'scs_001_sec': 'OK', 'cs_003_sec': 'OK', 'scs_002_ec': 'OK'}","['ADM0PSA1', 'scs_002_ec', 'ADM0PSA2', 'scs_002_ec', 'EPV14005', 'str_001_s', 'FIG00677', 'str_004_asec', 'FIG00677', 'str_004_asec', 'FIG01998', 'str_sfdr8_aec', 'FIG02787', 'str_002_ec', 'FIG04868', 'str_sfdr8_aec', 'FIG04868', 'str_sfdr8_aec', 'FIG05698', 'str_sfdr8_aec', 'FIG05698', 'str_sfdr8_aec', 'FIH01197', 'str_sfdr8_aec', 'FIN00315', 'str_sfdr8_aec', 'FIN00441', 'str_sfdr8_aec', 'FPB01158', 'str_004_asec', 'FPG01072', 'str_001_s', 'LXMS0020', 'str_sfdr8_aec', 'LXMS0730', 'str_sfdr8_aec', 'PFIT0011', 'str_sfdr8_aec', 'PFIT0011', 'str_sfdr8_aec', 'PFIT0605', 'str_sfdr8_aec', 'PFS00001', 'str_sfdr8_aec', 'PFS00002', 'str_sfdr8_aec', 'PFS00059', 'str_sfdr8_aec']",[]
R54462,4295866480,Nokia Oyj,"['str_001_s', 'str_002_ec', 'str_003_ec', 'str_003b_ec', 'str_004_asec', 'str_005_ec', 'scs_001_sec', 'scs_002_ec']",,"['CPE00363', 'str_003b_ec', 'CPE03744', 'scs_001_sec', 'FIG00677', 'str_004_asec', 'FPB01158', 'str_004_asec', 'LXMS0770', 'str_sfdr8_aec']",[]
J66817,5060588378,Nordea Bank Abp,['str_004_asec'],,"['FIG00677', 'str_004_asec', 'FIG01998', 'str_sfdr8_aec', 'FIG02787', 'str_002_ec', 'FIG02787', 'str_002_ec', 'FIG04868', 'str_sfdr8_aec', 'FIG05240', 'str_004_asec', 'FIG05240', 'str_004_asec', 'FIG05241', 'str_004_asec', 'FIG05402', 'str_004_asec', 'FIG05402', 'str_004_asec', 'FIG05402', 'str_004_asec', 'FPB01158', 'str_004_asec', 'FPB01158', 'str_004_asec', 'LXMS0020', 'str_sfdr8_aec', 'LXMS0020', 'str_sfdr8_aec', 'LXMS0020', 'str_sfdr8_aec', 'LXMS0580', 'str_sfdr8_aec', 'PFI01549', 'str_sfdr8_aec', 'PFIT0011', 'str_sfdr8_aec', 'PFIT0605', 'str_sfdr8_aec', 'PFIT0605', 'str_sfdr8_aec', 'PFIT0605', 'str_sfdr8_aec', 'PFS00001', 'str_sfdr8_aec', 'PFS00001', 'str_sfdr8_aec', 'PFS00002', 'str_sfdr8_aec', 'PFS00002', 'str_sfdr8_aec', 'PFS00059', 'str_sfdr8_aec', 'PFS00059', 'str_sfdr8_aec', 'PFS00059', 'str_sfdr8_aec']",[]
R68589,5000069355,Nykredit Realkredit A/S,"['str_003b_ec', 'str_006_sec', 'scs_001_sec']","{'str_003b_ec': 'OK', 'str_006_sec': 'OK', 'scs_001_sec': 'OK'}","['ADM0PSA1', 'scs_002_ec', 'CPE04041', 'str_003b_ec', 'CPE04059', 'str_003b_ec', 'EPV14005', 'str_001_s', 'FIG00677', 'str_004_asec', 'FIG01998', 'str_sfdr8_aec', 'FIG01998', 'str_sfdr8_aec', 'FIG01998', 'str_sfdr8_aec', 'FIG04868', 'str_sfdr8_aec', 'FIG05698', 'str_sfdr8_aec', 'FPB01158', 'str_004_asec', 'FPG01072', 'str_001_s', 'LXMS0020', 'str_sfdr8_aec', 'LXMS0020', 'str_sfdr8_aec', 'LXMS0020', 'str_sfdr8_aec', 'LXMS0730', 'str_sfdr8_aec', 'LXMS0770', 'str_sfdr8_aec', 'LXMS0770', 'str_sfdr8_aec', 'PFIT0011', 'str_sfdr8_aec', 'PFIT0011', 'str_sfdr8_aec', 'PFIT0011', 'str_sfdr8_aec', 'PFIT0605', 'str_sfdr8_aec', 'PFIT0605', 'str_sfdr8_aec', 'PFIT0605', 'str_sfdr8_aec', 'PFIT0605', 'str_sfdr8_aec', 'PFIT0647', 'str_sfdr8_aec', 'PFIT0647', 'str_sfdr8_aec', 'PFIT1830', 'str_sfdr8_aec', 'PFIT1830', 'str_sfdr8_aec', 'PFS00001', 'str_sfdr8_aec', 'PFS00001', 'str_sfdr8_aec', 'PFS00001', 'str_sfdr8_aec', 'PFS00002', 'str_sfdr8_aec', 'PFS00002', 'str_sfdr8_aec', 'PFS00059', 'str_sfdr8_aec', 'PFS00059', 'str_sfdr8_aec', 'PFS00059', 'str_sfdr8_aec', 'PFS00059', 'str_sfdr8_aec']",[]
G04314,5037929171,Prologis International Funding II SA,"['str_004_asec', 'scs_001_sec']","{'str_004_asec': 'OK', 'scs_001_sec': 'OK', 'scs_002_ec': 'OK'}","['FIG01998', 'str_sfdr8_aec', 'FIG02787', 'str_002_ec', 'FIG02787', 'str_002_ec', 'FIG05240', 'str_004_asec', 'FIG05240', 'str_004_asec', 'FIG05240', 'str_004_asec', 'FIG05240', 'str_004_asec', 'FIG05241', 'str_004_asec', 'FIG05241', 'str_004_asec', 'FIG05241', 'str_004_asec', 'FIG05241', 'str_004_asec', 'FIG05402', 'str_004_asec', 'FIG05402', 'str_004_asec', 'FIG05402', 'str_004_asec', 'FIG05402', 'str_004_asec', 'LXMS0020', 'str_sfdr8_aec', 'LXMS0020', 'str_sfdr8_aec', 'PFIT0605', 'str_sfdr8_aec', 'PFIT0605', 'str_sfdr8_aec', 'PFS00001', 'str_sfdr8_aec', 'PFS00001', 'str_sfdr8_aec', 'PFS00002', 'str_sfdr8_aec', 'PFS00059', 'str_sfdr8_aec', 'PFS00059', 'str_sfdr8_aec']",[]
D31703,4295875844,Prysmian SpA,"['str_005_ec', 'str_006_sec', 'scs_001_sec', 'scs_002_ec']",,"['EPV00060', 'str_001_s', 'FIG02787', 'str_002_ec', 'FIG05428', 'str_sfdr8_aec', 'FIH00529', 'str_005_ec', 'FPG00004', 'str_sfdr8_aec', 'FPG00005', 'str_sfdr8_aec', 'FPG00010', 'str_sfdr8_aec', 'FPG00018', 'str_sfdr8_aec', 'FPG00027', 'str_001_s', 'FPG00028', 'str_001_s', 'FPG00376', 'str_sfdr8_aec', 'FPG00603', 'str_001_s', 'FPG01119', 'str_sfdr8_aec', 'FPG01213', 'str_001_s', 'FPG01214', 'str_001_s', 'FPG01278', 'str_003_ec', 'FPG15900', 'str_sfdr8_aec', 'FPG20002', 'str_sfdr8_aec', 'FPH00706', 'str_sfdr8_aec']",[]
G31208,5040232111,REN Finance BV,['str_004_asec'],{'str_004_asec': 'OK'},"['FIG01998', 'str_sfdr8_aec', 'FIG01998', 'str_sfdr8_aec', 'FIG02787', 'str_002_ec', 'FIG05240', 'str_004_asec', 'FIG05241', 'str_004_asec', 'FIG05402', 'str_004_asec', 'FIG05402', 'str_004_asec', 'LXMS0020', 'str_sfdr8_aec', 'PFIT0605', 'str_sfdr8_aec', 'PFS00001', 'str_sfdr8_aec', 'PFS00059', 'str_sfdr8_aec']",[]
R63571,4295867872,Sncf Reseau SA,"['str_004_asec', 'scs_001_sec']","{'str_004_asec': 'OK', 'scs_001_sec': 'OK', 'scs_002_ec': 'OK'}","['FIG05240', 'str_004_asec', 'FIG05241', 'str_004_asec', 'FIG05402', 'str_004_asec', 'FIG05402', 'str_004_asec']",[]
R55620,4295874870,Ryanair Holdings PLC,"['str_002_ec', 'str_005_ec', 'scs_002_ec']",,"['EPV00043', 'str_001_s', 'EPV00060', 'str_001_s', 'FIG02164', 'str_sfdr8_aec', 'FIG02787', 'str_002_ec', 'FIG05428', 'str_sfdr8_aec', 'FIH00529', 'str_005_ec', 'FPG00027', 'str_001_s', 'FPG00028', 'str_001_s', 'FPG00112', 'str_001_s', 'FPG00603', 'str_001_s', 'FPG01213', 'str_001_s', 'FPG01214', 'str_001_s', 'LXMS0040', 'str_sfdr8_aec', 'LXMS0240', 'str_sfdr8_aec', 'PFIT0516', 'str_sfdr8_aec']",[]
B30716,4295868215,Sanofi SA,['str_002_ec'],{'str_002_ec': 'OK'},"['CPE03744', 'scs_001_sec', 'EPV00043', 'str_001_s', 'FIG00677', 'str_004_asec', 'FIG00677', 'str_004_asec', 'FIG01998', 'str_sfdr8_aec', 'FIG02164', 'str_sfdr8_aec', 'FIG02164', 'str_sfdr8_aec', 'FIG02787', 'str_002_ec', 'FIG02787', 'str_002_ec', 'FIG02787', 'str_002_ec', 'FIG05240', 'str_004_asec', 'FIG05241', 'str_004_asec', 'FIG05273', 'str_004_asec', 'FPG00004', 'str_sfdr8_aec', 'FPG00005', 'str_sfdr8_aec', 'FPG00010', 'str_sfdr8_aec', 'FPG00018', 'str_sfdr8_aec', 'FPG00112', 'str_001_s', 'FPG00376', 'str_sfdr8_aec', 'FPG01119', 'str_sfdr8_aec', 'FPG01278', 'str_003_ec', 'FPG15900', 'str_sfdr8_aec', 'FPG20002', 'str_sfdr8_aec', 'FPH00706', 'str_sfdr8_aec', 'LXMS0040', 'str_sfdr8_aec', 'LXMS0240', 'str_sfdr8_aec', 'PFIT0011', 'str_sfdr8_aec', 'PFIT0011', 'str_sfdr8_aec', 'PFIT0516', 'str_sfdr8_aec', 'PFIT0605', 'str_sfdr8_aec', 'PFIT0605', 'str_sfdr8_aec', 'PFIT0605', 'str_sfdr8_aec', 'PFS00059', 'str_sfdr8_aec', 'PFS00059', 'str_sfdr8_aec', 'PFS00059', 'str_sfdr8_aec']",[]
R64256,4295894191,SSE PLC,['str_004_asec'],{'str_004_asec': 'OK'},"['ADM0PSA1', 'scs_002_ec', 'ADM0PSA2', 'scs_002_ec', 'CPE00277', 'str_003b_ec', 'FIG00677', 'str_004_asec', 'FIG01998', 'str_sfdr8_aec', 'FIG01998', 'str_sfdr8_aec', 'FIG02164', 'str_sfdr8_aec', 'FIG02787', 'str_002_ec', 'FIG05240', 'str_004_asec', 'FIG05240', 'str_004_asec', 'FIG05240', 'str_004_asec', 'FIG05241', 'str_004_asec', 'FIG05241', 'str_004_asec', 'FIG05241', 'str_004_asec', 'FIG05402', 'str_004_asec', 'FIG05402', 'str_004_asec', 'FIG05402', 'str_004_asec', 'FIH01197', 'str_sfdr8_aec', 'FIN00315', 'str_sfdr8_aec', 'FPB01158', 'str_004_asec', 'FPG00776', 'str_sfdr8_aec', 'FPG01072', 'str_001_s', 'LXMS0020', 'str_sfdr8_aec', 'LXMS0040', 'str_sfdr8_aec', 'PFI01549', 'str_sfdr8_aec', 'PFIT0011', 'str_sfdr8_aec', 'PFIT0605', 'str_sfdr8_aec', 'PFIT0605', 'str_sfdr8_aec', 'PFS00001', 'str_sfdr8_aec', 'PFS00002', 'str_sfdr8_aec', 'PFS00059', 'str_sfdr8_aec', 'PFS00059', 'str_sfdr8_aec', 'PFS00365', 'str_sfdr8_aec', 'PFS00365', 'str_sfdr8_aec']",[]
B89867,4295875615,Snam SpA,['str_004_asec'],{'str_004_asec': 'OK'},"['ADM0PSA1', 'scs_002_ec', 'ADM0PSA1', 'scs_002_ec', 'ADM0PSA2', 'scs_002_ec', 'FIG00677', 'str_004_asec', 'FIG00677', 'str_004_asec', 'FIG02787', 'str_002_ec', 'FIG04868', 'str_sfdr8_aec', 'FIG04868', 'str_sfdr8_aec', 'FIG05240', 'str_004_asec', 'FIG05241', 'str_004_asec', 'FIG05402', 'str_004_asec', 'FIG05698', 'str_sfdr8_aec', 'FPB01158', 'str_004_asec', 'FPB01158', 'str_004_asec', 'LXMS0020', 'str_sfdr8_aec', 'LXMS0020', 'str_sfdr8_aec', 'LXMS0730', 'str_sfdr8_aec', 'PFIT0011', 'str_sfdr8_aec', 'PFIT0011', 'str_sfdr8_aec', 'PFIT0605', 'str_sfdr8_aec', 'PFIT0605', 'str_sfdr8_aec', 'PFS00001', 'str_sfdr8_aec', 'PFS00001', 'str_sfdr8_aec', 'PFS00001', 'str_sfdr8_aec', 'PFS00002', 'str_sfdr8_aec', 'PFS00059', 'str_sfdr8_aec', 'PFS00059', 'str_sfdr8_aec']",[]
83365G,5000039357,Societe Generale SA,"['str_001_s', 'str_003_ec', 'str_003b_ec', 'str_004_asec', 'str_006_sec', 'scs_002_ec']","{'str_001_s': 'OK', 'str_003_ec': 'OK', 'str_003b_ec': 'OK', 'str_004_asec': 'OK', 'str_006_sec': 'OK', 'cs_003_sec': 'OK', 'scs_002_ec': 'OK'}","['CPE03002', 'str_003b_ec', 'CPE03002', 'str_003b_ec', 'CPE05152', 'str_003b_ec', 'EPV14005', 'str_001_s', 'EPV14005', 'str_001_s', 'FIG00677', 'str_004_asec', 'FIG00677', 'str_004_asec', 'FIG00677', 'str_004_asec', 'FIG00677', 'str_004_asec', 'FIG00677', 'str_004_asec', 'FIG00677', 'str_004_asec', 'FIG01998', 'str_sfdr8_aec', 'FIG01998', 'str_sfdr8_aec', 'FIG01998', 'str_sfdr8_aec', 'FIG01998', 'str_sfdr8_aec', 'FIG01998', 'str_sfdr8_aec', 'FIG01998', 'str_sfdr8_aec', 'FIG01998', 'str_sfdr8_aec', 'FIG01998', 'str_sfdr8_aec', 'FIG04868', 'str_sfdr8_aec', 'FIG04868', 'str_sfdr8_aec', 'FIG04868', 'str_sfdr8_aec', 'FIG05240', 'str_004_asec', 'FIG05240', 'str_004_asec', 'FIG05241', 'str_004_asec', 'FIG05241', 'str_004_asec', 'FIG05273', 'str_004_asec', 'FIG05402', 'str_004_asec', 'FIG05402', 'str_004_asec', 'FIG05428', 'str_sfdr8_aec', 'FIH01197', 'str_sfdr8_aec', 'FIH01197', 'str_sfdr8_aec', 'FIN00315', 'str_sfdr8_aec', 'FIN00315', 'str_sfdr8_aec', 'FIN00441', 'str_sfdr8_aec', 'FIN00441', 'str_sfdr8_aec', 'FPB01158', 'str_004_asec', 'FPB01158', 'str_004_asec', 'FPB01158', 'str_004_asec', 'FPB01158', 'str_004_asec', 'FPB01158', 'str_004_asec', 'FPB01158', 'str_004_asec', 'FPB01158', 'str_004_asec', 'FPG00233', 'str_sfdr8_aec', 'FPG01072', 'str_001_s', 'FPG01072', 'str_001_s', 'FPG01212', 'str_sfdr8_aec', 'FPG01212', 'str_sfdr8_aec', 'FPG01758', 'str_sfdr8_aec', 'LXMS0020', 'str_sfdr8_aec', 'LXMS0020', 'str_sfdr8_aec', 'LXMS0020', 'str_sfdr8_aec', 'LXMS0020', 'str_sfdr8_aec', 'LXMS0020', 'str_sfdr8_aec', 'LXMS0020', 'str_sfdr8_aec', 'LXMS0360', 'str_sfdr8_aec', 'LXMS0360', 'str_sfdr8_aec', 'LXMS0360', 'str_sfdr8_aec', 'PFIT0011', 'str_sfdr8_aec', 'PFIT0011', 'str_sfdr8_aec', 'PFIT0011', 'str_sfdr8_aec', 'PFIT0011', 'str_sfdr8_aec', 'PFIT0011', 'str_sfdr8_aec', 'PFIT0605', 'str_sfdr8_aec', 'PFIT0605', 'str_sfdr8_aec', 'PFIT0605', 'str_sfdr8_aec', 'PFIT0605', 'str_sfdr8_aec', 'PFIT0605', 'str_sfdr8_aec', 'PFIT0605', 'str_sfdr8_aec', 'PFIT0647', 'str_sfdr8_aec', 'PFS00001', 'str_sfdr8_aec', 'PFS00001', 'str_sfdr8_aec', 'PFS00001', 'str_sfdr8_aec', 'PFS00001', 'str_sfdr8_aec', 'PFS00001', 'str_sfdr8_aec', 'PFS00002', 'str_sfdr8_aec', 'PFS00002', 'str_sfdr8_aec', 'PFS00059', 'str_sfdr8_aec', 'PFS00059', 'str_sfdr8_aec', 'PFS00059', 'str_sfdr8_aec', 'PFS00059', 'str_sfdr8_aec', 'PFS00059', 'str_sfdr8_aec', 'PFS00059', 'str_sfdr8_aec', 'PFS00365', 'str_sfdr8_aec']",[]
R77126,4295895205,Standard Chartered PLC,"['str_001_s', 'str_003_ec', 'str_003b_ec', 'str_004_asec', 'str_006_sec', 'scs_002_ec']","{'str_001_s': 'OK', 'str_003_ec': 'OK', 'str_003b_ec': 'OK', 'str_004_asec': 'OK', 'str_006_sec': 'OK', 'str_sfdr8_aec': 'OK', 'scs_002_ec': nan}","['CPE00264', 'str_003b_ec', 'CPE00363', 'str_003b_ec', 'CPE00448', 'str_003b_ec', 'CPE04036', 'str_003b_ec', 'CPE04080', 'str_003b_ec', 'CPE04081', 'str_003b_ec', 'CPE04082', 'str_003b_ec', 'CPE05134', 'str_003b_ec', 'CPE05340', 'str_003b_ec', 'FIG00677', 'str_004_asec', 'FIG00677', 'str_004_asec', 'FIG01998', 'str_sfdr8_aec', 'FIG01998', 'str_sfdr8_aec', 'FIG05240', 'str_004_asec', 'FIG05241', 'str_004_asec', 'FIG05402', 'str_004_asec', 'FPB01158', 'str_004_asec', 'LXMS0020', 'str_sfdr8_aec', 'LXMS0360', 'str_sfdr8_aec', 'PFIT0605', 'str_sfdr8_aec', 'PFIT0605', 'str_sfdr8_aec', 'PFS00001', 'str_sfdr8_aec', 'PFS00059', 'str_sfdr8_aec', 'PFS00059', 'str_sfdr8_aec']",[]
R61465,4295862902,Toronto-Dominion Bank,"['str_001_s', 'str_002_ec', 'str_003_ec', 'str_003b_ec', 'str_004_asec', 'str_006_sec', 'str_sfdr8_aec', 'scs_001_sec', 'scs_002_ec']",,"['LXMS0580', 'str_sfdr8_aec', 'PFIT0011', 'str_sfdr8_aec', 'PFIT0011', 'str_sfdr8_aec', 'PFIT0011', 'str_sfdr8_aec', 'PFIT0605', 'str_sfdr8_aec', 'PFIT0605', 'str_sfdr8_aec', 'PFS00059', 'str_sfdr8_aec', 'PFS00059', 'str_sfdr8_aec']",[]
89232N,4296540208,Toyota Finance Australia Ltd,"['str_001_s', 'str_003_ec', 'str_004_asec', 'str_006_sec', 'str_sfdr8_aec']",,"['FIG00677', 'str_004_asec', 'FIG04868', 'str_sfdr8_aec', 'FPB01158', 'str_004_asec', 'PFIT0011', 'str_sfdr8_aec']",[]
892332,4295900901,Toyota Motor Credit Corp,"['str_001_s', 'str_003_ec', 'str_004_asec', 'str_006_sec', 'str_sfdr8_aec']",,"['FIG01998', 'str_sfdr8_aec', 'FIG01998', 'str_sfdr8_aec', 'FIG01998', 'str_sfdr8_aec', 'FIG02787', 'str_002_ec', 'LXMS0020', 'str_sfdr8_aec', 'LXMS0020', 'str_sfdr8_aec', 'LXMS0020', 'str_sfdr8_aec', 'LXMS0360', 'str_sfdr8_aec', 'PFI01549', 'str_sfdr8_aec', 'PFIT0605', 'str_sfdr8_aec', 'PFIT0605', 'str_sfdr8_aec', 'PFIT0605', 'str_sfdr8_aec', 'PFS00001', 'str_sfdr8_aec', 'PFS00001', 'str_sfdr8_aec', 'PFS00002', 'str_sfdr8_aec', 'PFS00059', 'str_sfdr8_aec', 'PFS00059', 'str_sfdr8_aec', 'PFS00059', 'str_sfdr8_aec', 'PFS00365', 'str_sfdr8_aec']",[]
R93558,4296771984,Toyota Motor Finance Netherlands BV,"['str_001_s', 'str_003_ec', 'str_004_asec', 'str_006_sec', 'str_sfdr8_aec']",,"['CPE00035', 'str_003b_ec', 'CPE00264', 'str_003b_ec', 'CPE03861', 'str_002_ec', 'CPE03912', 'str_003b_ec', 'CPE04041', 'str_003b_ec', 'CPE04044', 'str_003b_ec', 'CPE04059', 'str_003b_ec', 'CPE05189', 'str_003b_ec', 'CPE05190', 'str_003b_ec', 'CPE05318', 'str_003b_ec', 'FIG00677', 'str_004_asec', 'FIG00677', 'str_004_asec', 'FIG02787', 'str_002_ec', 'FIG04868', 'str_sfdr8_aec', 'FIG04868', 'str_sfdr8_aec', 'FIG04868', 'str_sfdr8_aec', 'FIG04868', 'str_sfdr8_aec', 'FIH01197', 'str_sfdr8_aec', 'FIN00315', 'str_sfdr8_aec', 'FIN00441', 'str_sfdr8_aec', 'FPB01158', 'str_004_asec', 'FPB01158', 'str_004_asec', 'FPB01158', 'str_004_asec', 'FPG00233', 'str_sfdr8_aec', 'FPG01212', 'str_sfdr8_aec', 'LXMS0020', 'str_sfdr8_aec', 'PFIT0011', 'str_sfdr8_aec', 'PFIT0011', 'str_sfdr8_aec', 'PFIT0605', 'str_sfdr8_aec', 'PFIT0605', 'str_sfdr8_aec', 'PFS00001', 'str_sfdr8_aec', 'PFS00059', 'str_sfdr8_aec', 'PFS00059', 'str_sfdr8_aec']",[]
G88159,5043337560,UBS Group AG,"['str_001_s', 'str_003_ec', 'str_003b_ec', 'str_004_asec', 'str_006_sec', 'scs_002_ec']","{'str_001_s': 'FLAG', 'str_003_ec': 'FLAG', 'str_003b_ec': 'FLAG', 'str_004_asec': 'FLAG', 'str_006_sec': 'FLAG', 'str_sfdr8_aec': 'FLAG', 'scs_001_sec': 'FLAG', 'cs_003_sec': 'FLAG', 'scs_002_ec': 'FLAG'}","['ADM0PSA1', 'scs_002_ec', 'ADM0PSA2', 'scs_002_ec', 'CPE00035', 'str_003b_ec', 'CPE03002', 'str_003b_ec', 'CPE03853', 'str_003b_ec', 'CPE03853', 'str_003b_ec', 'CPE03912', 'str_003b_ec', 'CPE04053', 'str_003b_ec', 'CPE04080', 'str_003b_ec', 'CPE04081', 'str_003b_ec', 'EPV00060', 'str_001_s', 'EPV14005', 'str_001_s', 'EPV14005', 'str_001_s', 'FIG00677', 'str_004_asec', 'FIG00677', 'str_004_asec', 'FIG00677', 'str_004_asec', 'FIG00677', 'str_004_asec', 'FIG00677', 'str_004_asec', 'FIG00677', 'str_004_asec', 'FIG01998', 'str_sfdr8_aec', 'FIG01998', 'str_sfdr8_aec', 'FIG01998', 'str_sfdr8_aec', 'FIG01998', 'str_sfdr8_aec', 'FIG01998', 'str_sfdr8_aec', 'FIG04868', 'str_sfdr8_aec', 'FIG04868', 'str_sfdr8_aec', 'FIG04868', 'str_sfdr8_aec', 'FIG05428', 'str_sfdr8_aec', 'FIH01197', 'str_sfdr8_aec', 'FIH01197', 'str_sfdr8_aec', 'FIN00315', 'str_sfdr8_aec', 'FIN00315', 'str_sfdr8_aec', 'FIN00441', 'str_sfdr8_aec', 'FIN00441', 'str_sfdr8_aec', 'FIN00441', 'str_sfdr8_aec', 'FPB01158', 'str_004_asec', 'FPB01158', 'str_004_asec', 'FPB01158', 'str_004_asec', 'FPB01158', 'str_004_asec', 'FPB01158', 'str_004_asec', 'FPB01158', 'str_004_asec', 'FPG00027', 'str_001_s', 'FPG00028', 'str_001_s', 'FPG00603', 'str_001_s', 'FPG01072', 'str_001_s', 'FPG01072', 'str_001_s', 'FPG01213', 'str_001_s', 'FPG01214', 'str_001_s', 'LXMS0020', 'str_sfdr8_aec', 'LXMS0020', 'str_sfdr8_aec', 'LXMS0020', 'str_sfdr8_aec', 'LXMS0020', 'str_sfdr8_aec', 'LXMS0360', 'str_sfdr8_aec', 'LXMS0360', 'str_sfdr8_aec', 'LXMS0360', 'str_sfdr8_aec', 'LXMS0360', 'str_sfdr8_aec', 'PFIT0011', 'str_sfdr8_aec', 'PFIT0011', 'str_sfdr8_aec', 'PFIT0605', 'str_sfdr8_aec', 'PFIT0605', 'str_sfdr8_aec', 'PFIT0605', 'str_sfdr8_aec', 'PFS00001', 'str_sfdr8_aec', 'PFS00001', 'str_sfdr8_aec', 'PFS00059', 'str_sfdr8_aec', 'PFS00059', 'str_sfdr8_aec', 'PFS00059', 'str_sfdr8_aec']",[]
225424,4295875726,UniCredit SpA,"['str_001_s', 'str_002_ec', 'str_003_ec', 'str_003b_ec', 'str_004_asec', 'str_006_sec', 'scs_002_ec']","{'str_001_s': 'OK', 'str_002_ec': 'OK', 'str_003_ec': 'OK', 'str_003b_ec': 'OK', 'str_004_asec': 'OK', 'str_006_sec': 'OK', 'cs_003_sec': 'OK', 'scs_002_ec': 'OK'}","['CPE03002', 'str_003b_ec', 'CPE03853', 'str_003b_ec', 'CPE04082', 'str_003b_ec', 'EPV00043', 'str_001_s', 'EPV14005', 'str_001_s', 'FIG00677', 'str_004_asec', 'FIG00677', 'str_004_asec', 'FIG00677', 'str_004_asec', 'FIG00677', 'str_004_asec', 'FIG00677', 'str_004_asec', 'FIG01998', 'str_sfdr8_aec', 'FIG01998', 'str_sfdr8_aec', 'FIG01998', 'str_sfdr8_aec', 'FIG01998', 'str_sfdr8_aec', 'FIG01998', 'str_sfdr8_aec', 'FIG01998', 'str_sfdr8_aec', 'FIG02787', 'str_002_ec', 'FIG02787', 'str_002_ec', 'FIG02787', 'str_002_ec', 'FIG02787', 'str_002_ec', 'FIG04868', 'str_sfdr8_aec', 'FIG04868', 'str_sfdr8_aec', 'FIG04868', 'str_sfdr8_aec', 'FIG04868', 'str_sfdr8_aec', 'FIG05240', 'str_004_asec', 'FIG05240', 'str_004_asec', 'FIG05241', 'str_004_asec', 'FIG05241', 'str_004_asec', 'FIG05402', 'str_004_asec', 'FIG05402', 'str_004_asec', 'FIG05698', 'str_sfdr8_aec', 'FIH01197', 'str_sfdr8_aec', 'FIN00315', 'str_sfdr8_aec', 'FIN00441', 'str_sfdr8_aec', 'FIN00441', 'str_sfdr8_aec', 'FIN00441', 'str_sfdr8_aec', 'FPB01158', 'str_004_asec', 'FPB01158', 'str_004_asec', 'FPB01158', 'str_004_asec', 'FPB01158', 'str_004_asec', 'FPB01158', 'str_004_asec', 'FPG00004', 'str_sfdr8_aec', 'FPG00005', 'str_sfdr8_aec', 'FPG00010', 'str_sfdr8_aec', 'FPG00018', 'str_sfdr8_aec', 'FPG00112', 'str_001_s', 'FPG00376', 'str_sfdr8_aec', 'FPG01072', 'str_001_s', 'FPG01119', 'str_sfdr8_aec', 'FPG01278', 'str_003_ec', 'FPG15900', 'str_sfdr8_aec', 'FPG20002', 'str_sfdr8_aec', 'FPH00706', 'str_sfdr8_aec', 'LXMS0020', 'str_sfdr8_aec', 'LXMS0020', 'str_sfdr8_aec', 'LXMS0240', 'str_sfdr8_aec', 'LXMS0360', 'str_sfdr8_aec', 'LXMS0360', 'str_sfdr8_aec', 'LXMS0730', 'str_sfdr8_aec', 'LXMS0770', 'str_sfdr8_aec', 'PFI01549', 'str_sfdr8_aec', 'PFIT0011', 'str_sfdr8_aec', 'PFIT0011', 'str_sfdr8_aec', 'PFIT0011', 'str_sfdr8_aec', 'PFIT0011', 'str_sfdr8_aec', 'PFIT0516', 'str_sfdr8_aec', 'PFIT0605', 'str_sfdr8_aec', 'PFIT0605', 'str_sfdr8_aec', 'PFIT0605', 'str_sfdr8_aec', 'PFS00001', 'str_sfdr8_aec', 'PFS00001', 'str_sfdr8_aec', 'PFS00059', 'str_sfdr8_aec', 'PFS00059', 'str_sfdr8_aec', 'PFS00059', 'str_sfdr8_aec']",[]
G28924,5040171243,Vonovia Finance BV,"['str_004_asec', 'str_006_sec', 'scs_001_sec']","{'str_004_asec': 'OK', 'str_006_sec': 'OK', 'scs_001_sec': 'OK', 'scs_002_ec': 'OK'}","['FIG00677', 'str_004_asec', 'FPB01158', 'str_004_asec', 'LXMS0020', 'str_sfdr8_aec', 'PFIT0605', 'str_sfdr8_aec', 'PFS00059', 'str_sfdr8_aec']",[]
