issuer_name,aladdin_id,security_description,strategy_list,portfolio_list,portfolio_id_list
AEROPUERTOS ARGENTINA 2000 SA,D17734,AEROPUERTOS ARGENTINA 2000 SA CLAS,"['str_001_s', 'str_002_ec', 'str_003_ec', 'str_004_asec', 'str_005_ec', 'str_006_sec', 'scs_001_sec', 'scs_002_ec']","['Superfondo Combinado F.C.I.', 'Supergestion F.C.I.']","['COMBINAD', 'SGI']"
COREBRIDGE GLOBAL FUNDING,G91300,AIG GLOBAL FUNDING         144A,"['str_001_s', 'str_002_ec', 'str_003_ec', 'str_003b_ec', 'str_004_asec', 'str_005_ec', 'str_006_sec', 'str_sfdr8_aec', 'scs_001_sec', 'scs_002_ec']",['SANTANDER GO SHORT DURATIO DOLLAR'],['LXMS0170']
ALTICE FINANCING SA,G08677,ALTICE FINANCING SA        144A,"['str_001_s', 'str_002_ec', 'str_003_ec', 'str_003b_ec', 'str_004_asec', 'str_005_ec', 'str_006_sec', 'str_sfdr8_aec', 'scs_001_sec', 'scs_002_ec']",['SANTANDER GO GLOBAL HIGH YIELD BOND'],['LXMS0670']
ALTICE FINANCING SA,G08677,ALTICE FINANCING SA        RegS,"['str_001_s', 'str_002_ec', 'str_003_ec', 'str_003b_ec', 'str_004_asec', 'str_005_ec', 'str_006_sec', 'str_sfdr8_aec', 'scs_001_sec', 'scs_002_ec']",['SANTANDER GO GLOBAL HIGH YIELD BOND'],['LXMS0670']
AMERICAN AIRLINES INC PASS THROUGH CERTIFICATES SERIES 2016 3B,J10577,AMERICAN AIRLINES 2016-3 PASS THRO,"['str_001_s', 'str_002_ec', 'str_003_ec', 'str_003b_ec', 'str_004_asec', 'str_005_ec', 'str_006_sec', 'str_sfdr8_aec', 'scs_001_sec', 'scs_002_ec']",['SANTANDER GO DYNAMIC BOND'],['LXMS0640']
PENDING,B96019,AMUNDI EURO GOVERNMENT BOND -7Y UC,['scs_001_sec'],"['FP SANTANDER MI PLAN PRUDENTE', 'FP SANTANDER MI PLAN MODERADO', 'SANTANDER SELECT MODERADO', 'FUNDACION CIENTIFICA DE LA ASOC ESPA?OLA']","['FPG00015', 'FPG01421', 'PFIT1425', 'CPE05188']"
PENDING,B96019,AMUNDI MSCI WLD ESG BROAD TRANSITI,['scs_001_sec'],['Fondo Sam Renta Variable 26 SA de CV Fondo de InversiÃ³n de Renta Variabl'],['SAM-FTW']
ANHEUSER BUSCH INBEV SA,H82067,ANHEUSER BUSCH INBEV SA MTN RegS,"['str_001_s', 'str_002_ec', 'str_003_ec', 'str_003b_ec', 'str_004_asec', 'str_005_ec', 'str_006_sec', 'str_sfdr8_aec', 'scs_001_sec', 'scs_002_ec']","['Seg Financeiro Equilibrado', 'SANTANDER GO DYNAMIC BOND', 'Seguro PPR+ Conservador', 'SANTANDER AM EURO CORPORATE BOND', 'SANTANDER RENTA FIJA PRIVADA, FI', 'SAM CARTEIRAS CONSERVADOR', 'Santander Poupanca Prudente FPR']","['PFS00001', 'LXMS0640', 'PFS00059', 'LXMS0020', 'FIG01998', 'PFI01549', 'PFIT0605']"
EURO STOCK 50 INDEX,G56580,APR25 SX5E C @ 5600.000000,"['str_001_s', 'str_002_ec', 'str_003_ec', 'str_004_asec', 'str_005_ec', 'str_006_sec', 'scs_001_sec', 'scs_002_ec']","['SANTANDER GESTION GLOBAL DECIDIDO, FI', 'SANTANDER SELECT DYNAMIC']","['FIG02410', 'LXMS0540']"
EURO STOCK 50 INDEX,G56580,APR25 SX5E P @ 4600.000000,"['str_001_s', 'str_002_ec', 'str_003_ec', 'str_004_asec', 'str_005_ec', 'str_006_sec', 'scs_001_sec', 'scs_002_ec']","['SANTANDER RF CONVERTIBLES, FI', 'SANTANDER SELECT DEFENSIVE', 'Santander Poupanca Valorizacao FPR', 'SANTANDER SELECT MODERADO', 'CICLO DE VIDA DECIDIDO', 'SANTANDER SELECT DEFENSIVO', 'SANTANDER GESTION GLOBAL DECIDIDO, FI', 'SANTANDER SELECT MODERATE', 'SANTANDER SELECT DINAMICO', 'SANTANDER SELECT DYNAMIC', 'SANTANDER GESTION GLOBAL CRECIMIENTO, FI', 'CICLO DE VIDA CONSERVADOR', 'CICLO VIDA II', 'SANTANDER GESTION GLOBAL EQUILIBRADO, FI', 'CICLO VIDA I']","['FIG01494', 'LXMS0520', 'PFIT0042', 'PFIT1425', 'SSESG947', 'PFIT1423', 'FIG02410', 'LXMS0530', 'PFIT1424', 'LXMS0540', 'FIG04251', 'SSESG946', 'SSESG949', 'FIG04253', 'SSESG948']"
EURO STOCK 50 INDEX,G56580,APR25 SX5E P @ 4700.000000,"['str_001_s', 'str_002_ec', 'str_003_ec', 'str_004_asec', 'str_005_ec', 'str_006_sec', 'scs_001_sec', 'scs_002_ec']","['CICLO VIDA I', 'SANTANDER SELECT DEFENSIVE', 'SANTANDER GESTION GLOBAL EQUILIBRADO, FI', 'SANTANDER RF CONVERTIBLES, FI', 'SANTANDER SELECT DINAMICO', 'Santander Poupanca Valorizacao FPR', 'SANTANDER SELECT MODERADO', 'SANTANDER SELECT DEFENSIVO', 'SANTANDER SELECT MODERATE', 'SANTANDER SELECT DYNAMIC', 'SANTANDER GESTION GLOBAL DECIDIDO, FI', 'SANTANDER GESTION GLOBAL CRECIMIENTO, FI', 'CICLO DE VIDA CONSERVADOR', 'CICLO VIDA II', 'CICLO DE VIDA DECIDIDO']","['SSESG948', 'LXMS0520', 'FIG04253', 'FIG01494', 'PFIT1424', 'PFIT0042', 'PFIT1425', 'PFIT1423', 'LXMS0530', 'LXMS0540', 'FIG02410', 'FIG04251', 'SSESG946', 'SSESG949', 'SSESG947']"
EURO STOCK 50 INDEX,G56580,APR25 SX5E P @ 4900.000000,"['str_001_s', 'str_002_ec', 'str_003_ec', 'str_004_asec', 'str_005_ec', 'str_006_sec', 'scs_001_sec', 'scs_002_ec']","['FOMENTO DE AHORRO E INVERSIONES, SICAV, S.A.', 'GESBOLSA, S.A.']","['ADMGESAL', 'ADM03947']"
EURO STOCK 50 INDEX,G56580,APR25 SX5E P @ 5050.000000,"['str_001_s', 'str_002_ec', 'str_003_ec', 'str_004_asec', 'str_005_ec', 'str_006_sec', 'scs_001_sec', 'scs_002_ec']","['MI CARTERA GESTION FLEXIBLE 2, FI']",['FIG05400']
EURO STOCK 50 INDEX,G56580,APR25 SX5E P @ 5100.000000,"['str_001_s', 'str_002_ec', 'str_003_ec', 'str_004_asec', 'str_005_ec', 'str_006_sec', 'scs_001_sec', 'scs_002_ec']","['SANTANDER SELECT DYNAMIC', 'Santander Poupanca Valorizacao FPR', 'SANTANDER GESTION GLOBAL DECIDIDO, FI', 'SANTANDER GESTION GLOBAL CRECIMIENTO, FI', 'SANTANDER SELECT DEFENSIVE', 'SANTANDER RF CONVERTIBLES, FI', 'SANTANDER SELECT DEFENSIVO']","['LXMS0540', 'PFIT0042', 'FIG02410', 'FIG04251', 'LXMS0520', 'FIG01494', 'PFIT1423']"
EURO STOCK 50 INDEX,G56580,APR25 SX5E P @ 5200.000000,"['str_001_s', 'str_002_ec', 'str_003_ec', 'str_004_asec', 'str_005_ec', 'str_006_sec', 'scs_001_sec', 'scs_002_ec']","['SANTANDER RF CONVERTIBLES, FI', 'SANTANDER GESTION GLOBAL CRECIMIENTO, FI', 'SANTANDER SELECT DEFENSIVE', 'Santander Poupanca Valorizacao FPR', 'SANTANDER SELECT DEFENSIVO', 'SANTANDER SELECT DYNAMIC', 'SANTANDER GESTION GLOBAL DECIDIDO, FI']","['FIG01494', 'FIG04251', 'LXMS0520', 'PFIT0042', 'PFIT1423', 'LXMS0540', 'FIG02410']"
EURO STOCK 50 INDEX,G56580,APR25 SX5E P @ 5300.000000,"['str_001_s', 'str_002_ec', 'str_003_ec', 'str_004_asec', 'str_005_ec', 'str_006_sec', 'scs_001_sec', 'scs_002_ec']","['FOMENTO DE AHORRO E INVERSIONES, SICAV, S.A.', 'GESBOLSA, S.A.', 'SANTANDER AHORRO 28, FP']","['ADMGESAL', 'ADM03947', 'FPG01117']"
ARES FINANCE CO II LLC,H21540,ARES FINANCE CO II LLC     144A,"['str_001_s', 'str_002_ec', 'str_003_ec', 'str_004_asec', 'str_005_ec', 'str_006_sec', 'str_sfdr8_aec', 'scs_001_sec', 'scs_002_ec']",['SANTANDER GO DYNAMIC BOND'],['LXMS0640']
HEATHROW FUNDING LTD,D67650,BAA FUNDING LTD MTN RegS,"['str_001_s', 'str_002_ec', 'str_003_ec', 'str_003b_ec', 'str_004_asec', 'str_005_ec', 'str_006_sec', 'str_sfdr8_aec', 'scs_001_sec', 'scs_002_ec']","['SAN Max 70% UT QIS SAM SP', 'SM San Sterling Bond Portfolio BlackRock', 'SMIO2 Sterling Bond Income BlackRock', 'SM MAX 70 PCNT QIS SAM', 'SMIO Max 30% Income Corporate Bonds BlackRock', 'SMIO MAX 30 PCNT QIS SAM', 'SM MAX 50 PCNT QIS SAM']","['AMM04005', 'OMM1E017', 'OMM23019', 'OMM34017', 'OMM3AE18', 'OMM24018', 'OMM24017']"
BANCO CENTROAMERICANO DE INTEGRACION ECONOMICA,R65416,BANCO CENTROAMERICANO DE INTEGRACI,"['str_001_s', 'str_002_ec', 'str_003_ec', 'str_003b_ec', 'str_004_asec', 'str_005_ec', 'str_006_sec', 'str_sfdr8_aec', 'scs_001_sec', 'scs_002_ec']","['Fondo SAM Deuda Corto Plazo 16, S.A de C.V.', 'Fondo SAM Deuda 8, S.A. de C.V.', 'Fondo SAM Deuda Corto Plazo 2, S.A. de C.V.', 'Fondo SAM Deuda Corto Plazo 17, S.A. de C.V.']","['STER10P', 'DEUDAOP', 'FONSER1', 'SUPER']"
BANCO ESPIRITO SANTO SA,R65975,BANCO ESPIRITO SANTO CLASS N SA,"['str_001_s', 'str_002_ec', 'str_003_ec', 'str_003b_ec', 'str_004_asec', 'str_005_ec', 'str_006_sec', 'str_sfdr8_aec', 'scs_001_sec', 'scs_002_ec']",['Livres'],['PFS00076']
BANCO ESPIRITO SANTO SA,R65975,BANCO ESPIRITO SANTO SA,"['str_001_s', 'str_002_ec', 'str_003_ec', 'str_003b_ec', 'str_004_asec', 'str_005_ec', 'str_006_sec', 'str_sfdr8_aec', 'scs_001_sec', 'scs_002_ec']",['Livres'],['PFS00076']
MEXICO CITY OF,D62450,BANCO JP MORGAN SA/GOBIERNO DEL DI,"['str_001_s', 'str_002_ec', 'str_003_ec', 'str_004_asec', 'str_005_ec', 'str_006_sec', 'str_sfdr8_aec', 'scs_001_sec', 'scs_002_ec']","['2001141-ISSSTE RESERVA DE OPER. PARA CONTINGENCIAS Y FINANCIAMIENTO (PRE)', '2001140-ISSSTE RESERVA FINANCIERA Y ACTUARIAL (SP)']","['MX2001141', 'MX20011402']"
BANIF FINANCE LTD,R99171,BANIF FINANCE LTD Prvt,"['str_001_s', 'str_002_ec', 'str_003_ec', 'str_004_asec', 'str_005_ec', 'str_006_sec', 'str_sfdr8_aec', 'scs_001_sec', 'scs_002_ec']",['FP BST BD'],['PFP00BBD']
BANQUE STELLANTIS FRANCE SA,H44516,BANQUE STELLANTIS FRANCE SA,"['str_001_s', 'str_002_ec', 'str_003_ec', 'str_003b_ec', 'str_004_asec', 'str_005_ec', 'str_006_sec', 'str_sfdr8_aec', 'scs_001_sec', 'scs_002_ec']","['SANTANDER RENTA FIJA 0-3 PENSIONES, FP', 'Stellantis Life Europe Limited', 'SANTANDER RENTA FIJA PRIVADA, FI', 'SANTANDER EUROCREDITO, FI', 'DIAGONAL, FP', 'Stellantis Insurance Europe Limited', 'EUROPOPULAR EMPLEO EVOLUCION, FP', 'SANTANDER SOSTENIBLE RF AHORRO, FI', 'AHORROPENSION OCHENTA, FP']","['FPB01158', 'ADM0PSA2', 'FIG01998', 'FIG04868', 'FPG00233', 'ADM0PSA1', 'FPG01070', 'FIG00677', 'FPG01758']"
BANQUE STELLANTIS FRANCE SA,H44516,BANQUE STELLANTIS FRANCE SA MTN,"['str_001_s', 'str_002_ec', 'str_003_ec', 'str_003b_ec', 'str_004_asec', 'str_005_ec', 'str_006_sec', 'str_sfdr8_aec', 'scs_001_sec', 'scs_002_ec']","['SANTANDER PB TARGET 2026, FI', 'Seguro PPR+ Conservador', 'SANTANDER PB TARGET 2026 3 FI', 'Santander Poupanca Prudente FPR', 'SANTANDER PB TARGET 2027, FI', 'SANTANDER SICAV-SANTANDER TARGET MATURITY 2026 EURO', 'Seg Financeiro Equilibrado', 'SANTANDER PB TARGET 2027 2, FI', 'SANTANDER PB TARGET 2026 5, FI', 'SANTANDER HORIZONTE 2027, FI', 'SANTANDER EUROCREDITO, FI']","['FIG05711', 'PFS00059', 'FIG05840', 'PFIT0605', 'FIG05849', 'LXMS0690', 'PFS00001', 'FIG05888', 'FIG05876', 'FIG05495', 'FIG04868']"
BEMOBI MOBILE TECH SA,J55649,BEMOBI MIDIA E ENTRETENIMENTO SA,"['str_001_s', 'str_002_ec', 'str_003_ec', 'str_004_asec', 'str_005_ec', 'str_006_sec', 'scs_001_sec', 'scs_002_ec']",['SANTANDER SMALL CAPS ACOES FI'],['BR4419']
BANKINTER 11 FTH,C15040,BFTH_11   A2,"['str_001_s', 'str_002_ec', 'str_003_ec', 'str_003b_ec', 'str_004_asec', 'str_005_ec', 'str_006_sec', 'str_sfdr8_aec', 'scs_001_sec', 'scs_002_ec']",['EPV SANTANDER MI PLAN DECIDIDO'],['EPV00050']
BLACKSTONE PRIVATE CREDIT FUND,K38545,BLACKSTONE PRIVATE CREDIT FUND,"['str_001_s', 'str_002_ec', 'str_003_ec', 'str_003b_ec', 'str_004_asec', 'str_005_ec', 'str_006_sec', 'str_sfdr8_aec', 'scs_001_sec', 'scs_002_ec']",['BEL CANTO SICAV MOCTEZUMA'],['LXMEL040']
BLACKSTONE PRIVATE CREDIT FUND,K38545,BLACKSTONE PRIVATE CREDIT FUND RegS,"['str_001_s', 'str_002_ec', 'str_003_ec', 'str_003b_ec', 'str_004_asec', 'str_005_ec', 'str_006_sec', 'str_sfdr8_aec', 'scs_001_sec', 'scs_002_ec']","['SANTANDER PATRIMONIO DIVERSIFICADO, FIL', 'FOMENTO DE AHORRO E INVERSIONES, SICAV, S.A.', 'GESBOLSA, S.A.']","['FIL00081', 'ADMGESAL', 'ADM03947']"
BRISA CONCESSAO RODOVIARIA SA,F17422,BRISA CONCESSAO RODOVIARIA SA MTN RegS,"['str_001_s', 'str_002_ec', 'str_003_ec', 'str_003b_ec', 'str_004_asec', 'str_005_ec', 'str_006_sec', 'str_sfdr8_aec', 'scs_001_sec', 'scs_002_ec']","['HI-SZVA-5-SFonds', 'UNIVERSIDAD PONTIFICIA DE SALAMANCA', 'Santander Poupanca Prudente FPR', 'Eurovida Poupanca Futuro (IAS)', 'SANTANDER RENTA FIJA PRIVADA, FI', 'HI-KAPPA-11-SFonds', 'SANTANDER CORTO PLAZO, FI', 'Plan Fin Mens Abr 2025 II- ULR16031', 'Seguro PPR+ Conservador', 'Seg Rend Julho 2020 - UL200700', 'MISIONERAS DEL DIVINO MAESTRO CURIA GEN.', 'Plan Fin Priv Abr 2025 - ULR16040', 'Plan Fin Mensal Abr 2025- ULR16021', 'SANTANDER HORIZONTE 2025, FI', 'Cia Hijas Caridad S. Vicente de Paul Mad', 'UNIVERSIDAD DE LA IGLESIA DE DEUSTO', 'Plan Fin Mensal Out 2025 - ULR16051', 'FP Banco Popular Portugal']","['MDTLEMUW', 'CPE03861', 'PFIT0605', 'PFS00261', 'FIG01998', 'MDTLEMUB', 'FIG05698', 'PFS00143', 'PFS00059', 'PFS00367', 'CPE04041', 'PFS00144', 'PFS00141', 'FIG05628', 'CPE03853', 'CPE04004', 'PFS00146', 'PFP00BPP']"
CBRE GLOBAL INVESTORS OPEN-ENDED FUNDS SCA SICAV SIF,J55737,CBRE GLOBAL INVESTORS OPEN-ENDED F MTN RegS,"['str_001_s', 'str_002_ec', 'str_003_ec', 'str_003b_ec', 'str_004_asec', 'str_005_ec', 'str_006_sec', 'str_sfdr8_aec', 'scs_001_sec', 'scs_002_ec']",['SANTANDER GO DYNAMIC BOND'],['LXMS0640']
KALLPA GENERACION SA,F95314,CERRO DEL AGUILA SA        RegS,"['str_001_s', 'str_002_ec', 'str_003_ec', 'str_004_asec']","['HI-KAPPA-23-SFonds', 'HI-SZVA-2-SFonds']","['MDTLEWGA', 'MDTLEREN']"
CISCO SYSTEMS INC (PRE-MERGER),R50263,CISCO SYSTEMS INC,"['str_001_s', 'str_002_ec', 'str_003_ec', 'str_004_asec']","['Fondo SAM Renta Variable 25, S.A. de C.V.']",['STERNDQ']
CIT MORTGAGE LOAN TRUST CITM_07-1,D37297,CITM_07-1  1M1 144A,"['str_001_s', 'str_002_ec', 'str_003_ec', 'str_004_asec', 'str_005_ec', 'str_006_sec', 'str_sfdr8_aec', 'scs_001_sec', 'scs_002_ec']",['SANTANDER GO DYNAMIC BOND'],['LXMS0640']
CLOUD SOFTWARE GROUP INC,R56561,CLOUD SOFTWARE GROUP INC   144A,"['str_001_s', 'str_002_ec', 'str_003_ec', 'str_003b_ec', 'str_004_asec', 'str_005_ec', 'str_006_sec', 'str_sfdr8_aec', 'scs_001_sec', 'scs_002_ec']",['SANTANDER GO GLOBAL HIGH YIELD BOND'],['LXMS0670']
COMPAGNIE DE FINANCEMENT FONCIER SA,R66206,COMPAGNIE DE FINANCEMENT FONCIER S,"['str_001_s', 'str_002_ec', 'str_003_ec', 'str_003b_ec', 'str_004_asec', 'str_005_ec', 'str_006_sec', 'str_sfdr8_aec', 'scs_001_sec', 'scs_002_ec']","['SANTANDER RENTA FIJA PRIVADA, FI']",['FIG01998']
CPFL TRANSMISSAO SA,F84700,COMPANHIA ESTADUAL DE TRANSMISSAO,"['str_001_s', 'str_002_ec', 'str_003_ec', 'str_003b_ec', 'str_004_asec', 'str_005_ec', 'str_006_sec', 'str_sfdr8_aec', 'scs_001_sec', 'scs_002_ec']","['SANTANDER FI RENDA FIXA DI', 'SANTANDER PREV FI RENDA FIXA CP', 'SANTANDER PREV RF CREDITO PRIVADO EQUILIBRIO FIF RESP LIM', 'SANTANDER HAPVIDA ANS RENDA FIXA CREDITO PRIVADO FI', 'SANTANDER FI RENDA FIXA DI CP', 'SANTANDER PROFIT FI RENDA FIXA DI', 'SBPREV I MASTER RENDA FIXA CP FI', 'BRASIL TESTE BRL (RPATESTE0001)', 'SANTANDER ANS II FI RENDA FIXA CP', 'SANTANDER FI RENDA FIXA', 'SANTANDER TURMALINA RENDA FIXA CREDITO PRIVADO, FI', 'SANTANDER MASTER FI RENDA FIXA CP LP', 'SANTANDER ANS FI RENDA FIXA CP', 'SANTANDER PREV RENDA FIXA REFERENCIADO DI FUNDO DE INVESTIMENTO']","['SFSB0049', 'BR1346', 'BR4520', 'BR4242', 'BR0720', 'BR0700', 'BR4362', 'BRTSTBRL', 'BR1311', 'SFSB0056', 'BR4421', 'BR1282', 'BR1183', 'BR4245']"
COREBRIDGE GLOBAL FUNDING,G91300,COREBRIDGE GLOBAL FUNDING  144A,"['str_001_s', 'str_002_ec', 'str_003_ec', 'str_003b_ec', 'str_004_asec', 'str_005_ec', 'str_006_sec', 'str_sfdr8_aec', 'scs_001_sec', 'scs_002_ec']",['SANTANDER GO SHORT DURATIO DOLLAR'],['LXMS0170']
COREBRIDGE GLOBAL FUNDING,G91300,COREBRIDGE GLOBAL FUNDING MTN 144A,"['str_001_s', 'str_002_ec', 'str_003_ec', 'str_003b_ec', 'str_004_asec', 'str_005_ec', 'str_006_sec', 'str_sfdr8_aec', 'scs_001_sec', 'scs_002_ec']",['SANTANDER GO SHORT DURATIO DOLLAR'],['LXMS0170']
CREDIT INDUSTRIEL ET COMMERCIAL SA (NEW YORK BRANCH),C74049,CREDIT INDUSTRIEL ET COMMERCIAL SA,"['str_001_s', 'str_002_ec', 'str_003_ec', 'str_003b_ec', 'str_004_asec', 'str_005_ec', 'str_006_sec', 'str_sfdr8_aec', 'scs_001_sec', 'scs_002_ec']",['SANTANDER GO SHORT DURATIO DOLLAR'],['LXMS0170']
CREDIT SUISSE GROUP AG,12634A,CREDIT SUISSE GROUP AG     RegS,"['str_001_s', 'str_002_ec', 'str_003_ec', 'str_003b_ec', 'str_004_asec', 'str_005_ec', 'str_006_sec', 'str_sfdr8_aec', 'scs_001_sec', 'scs_002_ec']",['BEL CANTO SICAV MOCTEZUMA'],['LXMEL040']
CREDIT SUISSE GROUP AG,12634A,CREDIT SUISSE GROUP AG MTN RegS,"['str_001_s', 'str_002_ec', 'str_003_ec', 'str_003b_ec', 'str_004_asec', 'str_005_ec', 'str_006_sec', 'str_sfdr8_aec', 'scs_001_sec', 'scs_002_ec']","['SMIO Max 30% Income Corporate Bonds BlackRock', 'SM San Sterling Bond Portfolio BlackRock']","['OMM3AE18', 'OMM1E017']"
CREDITO Y CASA,D87900,CREDITO Y CASA,"['str_001_s', 'str_002_ec', 'str_003_ec', 'str_004_asec', 'str_005_ec', 'str_006_sec', 'str_sfdr8_aec', 'scs_001_sec', 'scs_002_ec']",['59181-BANCO SANTANDER (MEXICO) FIDEICOMISO F/2010190-1'],['MX59181']
COUNTRY ASSET BACKED CERTIFICATES CWL_07-9,D26262,CWH_07-9  2A4,"['str_001_s', 'str_002_ec', 'str_003_ec', 'str_004_asec', 'str_005_ec', 'str_006_sec', 'str_sfdr8_aec', 'scs_001_sec', 'scs_002_ec']",['SANTANDER GO DYNAMIC BOND'],['LXMS0640']
COUNTRYWIDE ASSET BACKED CERTIFICATES CWL-06-22,C93439,CWL-06-22   1A,"['str_001_s', 'str_002_ec', 'str_003_ec', 'str_004_asec', 'str_005_ec', 'str_006_sec', 'str_sfdr8_aec', 'scs_001_sec', 'scs_002_ec']",['SANTANDER GO DYNAMIC BOND'],['LXMS0640']
COUNTRYWIDE ASSET-BACKED CERTIFICATES CWL_05-16,C15550,CWL_05-16  MV2,"['str_001_s', 'str_002_ec', 'str_003_ec', 'str_004_asec', 'str_005_ec', 'str_006_sec', 'str_sfdr8_aec', 'scs_001_sec', 'scs_002_ec']",['SANTANDER GO DYNAMIC BOND'],['LXMS0640']
EURO STOCK 50 INDEX,G56580,DEC25 SX5E C @ 6000.000000,"['str_001_s', 'str_002_ec', 'str_003_ec', 'str_004_asec', 'str_005_ec', 'str_006_sec', 'scs_001_sec', 'scs_002_ec']","['SANTANDER AHORRO 28, FP']",['FPG01117']
DIGITAL DUTCH FINCO BV,K12611,DIGITAL DUTCH FINCO BV     RegS,"['str_001_s', 'str_002_ec', 'str_003_ec', 'str_003b_ec', 'str_004_asec', 'str_005_ec', 'str_006_sec', 'str_sfdr8_aec', 'scs_001_sec', 'scs_002_ec']","['SANTANDER SOSTENIBLE BONOS', 'SANTANDER SOSTENIBLE EVOLUCION, FI', 'Santander Poupanca Prudente FPR', 'Seg Financeiro Equilibrado', 'SANTANDER AM EURO CORPORATE BOND', 'NAVIERA DE GALICIA S A', 'Seguro PPR+ Conservador', 'SANTANDER SOSTENIBLE CRECIMIENTO, FI']","['FIG05402', 'FIG05241', 'PFIT0605', 'PFS00001', 'LXMS0020', 'CPE05431', 'PFS00059', 'FIG05240']"
DIGITAL INTREPID HOLDING BV,J21784,DIGITAL INTREPID HOLDING BV RegS,"['str_001_s', 'str_002_ec', 'str_003_ec', 'str_003b_ec', 'str_004_asec', 'str_005_ec', 'str_006_sec', 'str_sfdr8_aec', 'scs_001_sec', 'scs_002_ec']","['SANTANDER SOSTENIBLE BONOS', 'SANTANDER RENTA FIJA PRIVADA, FI']","['FIG05402', 'FIG01998']"
DIGITAL STOUT HOLDING LLC,G11739,DIGITAL STOUT HOLDING LLC  RegS,"['str_001_s', 'str_002_ec', 'str_003_ec', 'str_003b_ec', 'str_004_asec', 'str_005_ec', 'str_006_sec', 'str_sfdr8_aec', 'scs_001_sec', 'scs_002_ec']","['SM San Sterling Bond Portfolio BlackRock', 'SMIO2 Sterling Bond Income BlackRock', 'SMIO Max 30% Income Corporate Bonds BlackRock']","['OMM1E017', 'OMM23019', 'OMM3AE18']"
E.ON INTERNATIONAL FINANCE BV (GTD BY AEON SE),H17054,E.ON INTERNATIONAL FINANCE BV (GTD MTN RegS,"['str_001_s', 'str_002_ec', 'str_003_ec', 'str_004_asec', 'str_005_ec', 'str_006_sec', 'str_sfdr8_aec', 'scs_001_sec', 'scs_002_ec']","['Santander Aforro PPR', 'SANTANDER SOSTENIBLE BONOS']","['PFIT1830', 'FIG05402']"
E.ON INTERNATIONAL FINANCE BV (GTD BY AEON SE),H17054,E.ON INTERNATIONAL FINANCE BV MTN RegS,"['str_001_s', 'str_002_ec', 'str_003_ec', 'str_004_asec', 'str_005_ec', 'str_006_sec', 'str_sfdr8_aec', 'scs_001_sec', 'scs_002_ec']","['SM MAX 50 PCNT QIS SAM', 'SMIO MAX 30 PCNT QIS SAM', 'SAN Max 70% UT QIS SAM SP', 'SM MAX 70 PCNT QIS SAM']","['OMM24017', 'OMM24018', 'AMM04005', 'OMM34017']"
EMPRESAS PUBLICAS DE MEDELLIN ESP,D58046,EMPRESAS PUBLICAS DE MEDELLIN ESP RegS,"['str_001_s', 'str_002_ec', 'str_003_ec', 'str_003b_ec', 'str_004_asec', 'str_005_ec', 'str_006_sec', 'str_sfdr8_aec', 'scs_001_sec', 'scs_002_ec']","['RUSALKA', 'OTELLO', 'SANTANDER LATIN AMERICAN CORPORATE BOND']","['LXMEL032', 'LXMEL031', 'LXMS0100']"
ENERGUATE TRUST,J06599,ENERGUATE TRUST   RegS,"['str_001_s', 'str_002_ec', 'str_003_ec', 'str_004_asec']",['SANTANDER LATIN AMERICAN FIXED INCOME'],['LXMS0130']
PENDING,B96019,EXPLORER II FCR,['scs_001_sec'],"['Seguro PPR+ Conservador', 'Seguro PPR+ Equilibrado', 'Premium - Dinamico', 'FP. BANCO SANTANDER TOTTA', 'Premium - Valorizacao', 'Santander Poupanca Prudente FPR', 'Santander Poupanca Valorizacao FPR', 'Livres']","['PFS00059', 'PFS00058', 'PFS00073', 'PFPP0BST', 'PFS00071', 'PFIT0605', 'PFIT0042', 'PFS00076']"
F&G GLOBAL FUNDING,K75486,F&G GLOBAL FUNDING MTN 144A,"['str_001_s', 'str_002_ec', 'str_003_ec', 'str_004_asec', 'str_005_ec', 'str_006_sec', 'str_sfdr8_aec', 'scs_001_sec', 'scs_002_ec']",['SANTANDER GO SHORT DURATIO DOLLAR'],['LXMS0170']
FRANCE (REPUBLIC OF),FR0570,FRANCE (REPUBLIC OF),"['str_001_s', 'str_002_ec', 'str_003_ec', 'str_005_ec', 'str_006_sec', 'str_sfdr8_aec', 'scs_001_sec', 'scs_002_ec']","['COLEGIO OFICIAL DE I NGENIEROS TECNICOS', 'REVISAN S.L.', 'ASOCIACION MENSAJERO S DE LA PAZ', 'FOMENTO DE AHORRO E INVERSIONES, SICAV, S.A.', 'HOSPITALARIAS DE JESUS NAZARENO FRANCIS', 'CAMARA GESTION EMPRESARIAL S.L.', 'SANTANDER ASG RENTA FIJA CORTO PLAZO PENSIONES, FP', 'SANTANDER PRIVATE DINAMICO', 'SANTANDER ASG RF CORTO PLAZO, PPSI', 'MINERALES Y PRODUCTOS DERIVADOS S.A.', 'SANTANDER CORTO PLAZO, FI', 'SANTANDER PB AGGRESSIVE FI', 'TABACALERA S.L.', 'CARITAS DIO DE SORIA', 'CNP SANTANDER INSURANE EUROPE DESIGNATED', 'MI CARTERA RENTA FIJA SOBERANA, FI', 'BENEDICTINAS MONASTERIO STA MARIA DE LA.', 'Santander Obrigacoes Curto Prazo', 'SANTANDER GESTION GLOBAL DECIDIDO, FI', 'PAN STAR, S.L.', 'RENTA FIJA GOBIERNOS EURO, FI', 'CONGREGACION DEL ORATORIO DE SAN FELIPE', 'SANTANDER RENDIMIENTO, FI', 'SANTANDER PRIVATE DEFENSIVO', 'SANTANDER OBJETIVO 11 MESES SEP-25, FI', 'ASOCIACION DEL HOSPITAL DE HERMANAS HOS', 'Confortis - PPR 6 EV (IAS)', 'CNP SANTANDER INSURANCE LIFE DESIGNATED', 'SANTANDER SELECT DINAMICO', 'SANTANDER SELECT DEFENSIVO', 'FONDO AHORRO, FI', 'FP Banco Popular Portugal', 'Totta Seguros Seguro Multibond ULM', 'FP. BANCO SANTANDER TOTTA', 'Eurovida Poupanca Segura', 'Unique Portfol.â\x80\x93SFM_F.Santand 2026', 'Santander Multicredito', 'METROPOLI SA COMPANIA SEGUROS Y REASEG.', 'CICLO DE VIDA CONSERVADOR', 'SANTANDER PB TARGET 2026, FI', 'HERMANOS MARISTAS PROVINCIA IBERICA', 'CICLO VIDA II', 'SANTANDER OBJETIVO 7M NOV-25, FI', 'Santander Aforro PPR', 'FUNDACION ASTIER CENTRO SAN JOSE', 'SANTANDER AM EURO CORPORATE BOND', 'ASOC EDAD DORADA MEN SAJEROS DE LA PAZ', 'FT RMBS PRADO IX', 'FT RMBS PRADO X', 'UP?SFM|Obrigacoes', 'FT RMBS PRADO VII', 'FP SANTANDER MI PLAN MODERADO', 'FUNDACION AMPARO DEL MORAL', 'TERCIARIAS FRANCISCA NAS DEL REBAÂ¥O DE M', 'Totta Seguros Seguro Obrigacoes ULO', 'SANTANDER SELECT DYNAMIC', 'SANTANDER OBJETIVO 10M DEUDA PUBLICA NOV-25, FI', 'Santander Prestiz Alfa (Santander Prestiz SFIO)', 'FUNDACION ESCUELAS PROFESIONALES DE LA SAGRADA FAMILIA', 'Seg Financeiro Equilibrado', 'OBISPADO DE OSMA SOR IA', 'FT RMBS PRADO VIII']","['CPE05375', 'CPE05250', 'CPE05484', 'ADMGESAL', 'CPE05361', 'CPE05209', 'FPG01072', 'PFIT1421', 'EPV14005', 'CPE05155', 'FIG05698', 'FIF00154', 'CPE05408', 'CPE05248', 'ADMIEUR1', 'FIG05415', 'CPE05234', 'PFIT0011', 'FIG02410', 'CPE03591', 'FIG05764', 'CPE05341', 'FIH01197', 'PFIT1426', 'FIG05768', 'CPE05384', 'PFS00255', 'ADMILIF1', 'PFIT1424', 'PFIT1423', 'FIN00315', 'PFP00BPP', 'PFS00070', 'PFPP0BST', 'PFS00262', 'PFS00404', 'PFIT0647', 'CPE04052', 'SSESG946', 'FIG05711', 'CPE04071', 'SSESG949', 'FIG05843', 'PFIT1830', 'CPE05352', 'LXMS0020', 'CPE05485', 'CPE05458', 'CPE05462', 'PFS00365', 'CPE05461', 'FPG01421', 'CPE05147', 'CPE05407', 'PFS00069', 'LXMS0540', 'FIG05818', 'PLSFIO0315', 'CPE05490', 'PFS00001', 'CPE05385', 'CPE05457']"
FRANCE (REPUBLIC OF),FR0570,FRANCE (REPUBLIC OF)       RegS,"['str_001_s', 'str_002_ec', 'str_003_ec', 'str_005_ec', 'str_006_sec', 'str_sfdr8_aec', 'scs_001_sec', 'scs_002_ec']","['MI PROYECTO SANTANDER ASG 2025 PENSIONES, F.P', 'RENTA FIJA GOBIERNOS EURO, FI', 'Unique Portfol.â\x80\x93SFM_F.Conservador', 'ASOCIACION DEL HOSPITAL DE HERMANAS HOS', 'Eurovida Poupanca (IAS)', 'MI CARTERA RENTA FIJA SOBERANA, FI', 'EUROPOPULAR EMPLEO EVOLUCION, FP', 'MI PROYECTO SANTANDER ASG 2035 PENSIONES, F.P', 'SANTANDER OBJETIVO 9M MAY-25, FI', 'MI PROYECTO SANTANDER ASG 2025, PPSI', 'PREVIFUTURO II, FP', 'MI CARTERA GESTION FLEXIBLE 1, FI', 'SANTANDER PB GESTION DINAMICA DECIDIDO, FI', 'CICLO VIDA II', 'INVERACTIVO CONFIANZA, FI', 'SANTANDER SEGUROS-CART. ZENECA', 'SANTANDER GESTION DINAMICA EQUILIBRADO, FI', 'MI PROYECTO SANTANDER ASG 2040 PENSIONES, F.P.', 'SANTANDER GESTION DINAMICA PRUDENTE, FI', 'GOBIERNO DE CANTABRIA PENSIONES, FP', 'Unique Portfol.â\x80\x93SFM_F.Agressivo', 'SANTANDER AHORRO 5, FP', 'SANTANDER SOSTENIBLE CRECIMIENTO, FI', 'SANTANDER GESTION GLOBAL CRECIMIENTO, FI', 'SANTANDER COLECTIVOS RFM1, FP', 'FP Banco Popular Portugal', 'MI PROYECTO SANTANDER 2040, FI', 'CICLO DE VIDA CONSERVADOR', 'Unique Portfol.â\x80\x93SFM_F.Equilibrado', 'D.E. COFFEE & TEA SOUTHERN EUROPE PENSIONES, FP', 'SHELL ESPANA PENSIONES, FP', 'Seg Financeiro Equilibrado', 'FP. BANCO SANTANDER TOTTA', 'TALLERES MITXELENA S. COOP.', 'SANTANDER COLECTIVOS RV MIXTA 3, FP', 'SANTANDER ASOCIADOS RFM, FP', 'SANTANDER SOSTENIBLE EVOLUCION, FI', 'BENEDICTINAS MONASTERIO STA MARIA DE LA.', 'GRUPO ASTRAZENECA CONSERVADOR PENSIONES, FP', 'Seguro PPR+ Equilibrado', 'SANTANDER GESTION GLOBAL EQUILIBRADO, FI', 'HOSPITALARIAS DE JESUS NAZARENO FRANCIS', 'SANTANDER AHORRO 7, FP', 'MI PROYECTO SANTANDER ASG 2030, F.P', 'SANTANDER AHORRO 17, FP', 'SANTANDER RESPONSABILIDAD SOLIDARIO, FI', 'SANTANDER SEGUROS-CART. PCF', 'SANTANDER AHORRO 10, FP', 'ARZOBISPADO DE TOLEDO', 'SANTANDER SELECT INCOME', 'SANTANDER AHORRO 30, FP', 'I F 4 SA', 'Seg Financeiro Accoes Crescimento', 'CIA HIJAS CARIDAD SAN VICENTE PAUL GIJON', 'SANTANDER EMPLEADOS PENSIONES, FP', 'SANTANDER GO ABSOLUTE RETURN', 'PPR 6 Aforro III', 'SANTANDER AHORRO 26, FP', 'CNP SANTANDER INSURANCE LIFE DESIGNATED', 'SANTANDER RF AHORRO, FI', 'Premium - Valorizacao', 'SANTANDER SEGUROS-CART. OSBORNE', 'AMIGOS MEDICOS DE MADRID, FP', 'SANTANDER UNIVERSIDADES PENSIONES, FP', 'Private Acoes 2020 VIII', 'AHORROPENSION OCHENTA, FP', 'EUROPOPULAR INTEGRAL,F.P.', 'ASOCIACION DEFENSA DE LA NATURALEZA', 'SANTANDER AHORRO 38, FP', 'SANTANDER AHORRO 27, FP', 'EM. FERROCARRILS GENERALITAT VALENCIANA, FP', 'SANTANDER AHORRO 2, FP', 'SANTANDER AHORRO 23, FP', 'SANTANDER ASOCIADOS RVM, FP', 'DIAGONAL, FP', 'SANTANDER AHORRO 15, FP', 'SANTANDER SEGUROS-CART. DOW', 'UP?SFM|Obrigacoes', 'MI PROYECTO SANTANDER ASG SMART, PPSI', 'Stellantis Insurance Europe Limited', 'SANTANDER CORTO PLAZO, FI', 'Stellantis Life Europe Limited', 'SANTANDER AHORRO 8, F.P.', 'SANTANDER COLECTIVOS RFM 2, FP', 'SANTANDER AHORRO 19, FP', 'FP Conduril', 'PREVIFUTURO, FP', 'Seg Ab Private Acoes 2020 VI', 'MUTUA UNIVERSAL MUGENAT, FP', 'SANTANDER COLECTIVOS RV MIXTA 1, FP', 'GRUPO PLEXUS TECH S. L.', 'SANTANDER OBJETIVO 9M JUN-25, FI', 'MI PROYECTO SANTANDER ASG 2035, PPSI', 'CNP SANTANDER INSURANE EUROPE DESIGNATED', 'PPR 6 Aforro II', 'SANTANDER COLECTIVOS RV MIXTA 2, FP', 'EUROPOPULAR VIDA, FP', 'Seg Ab Private Acoes 2020 VII', 'OBISPADO DE OSMA SOR IA', 'PPR 6 Aforro IV', 'Premium - Dinamico', 'SANTANDER GESTION 95, FI', 'SANTANDER OBJETIVO 19M OCT-26, FI', 'Santander Prestiz Obligacji Korporacyjnych (Santander Prestiz SFIO)', 'ORG NAC DE CIEGOS ESP', 'Unique Portfol.â\x80\x93SFM_F.Objetivo 2026', 'SANTANDER OBJETIVO 6M MAY-25, FI', 'PAN STAR, S.L.', 'Eurovida ClÃ¡ssico (IAS)', 'Santander Dluzny Krotkoterminowy (Santander FIO)', 'Eurovida Objectivo Aforro', 'SANTANDER SELECT DEFENSIVO', 'HERMANOS MARISTAS ENSE. PROV. COMPOSTELA', 'LABORATORIO ALDO UNION, SL', 'PPR - GOLD 9,8915251 EV (IAS)', 'CIA. HIJAS CARIDAD S.VICENTE PAUL-PAMPLON', 'PPR 6 Aforro', 'Fab. Sant. N. Sra. Rosario Fatima', 'HERMANOS GANDON', 'TERCIARIAS FRANCISCA NAS DEL REBAÂ¥O DE M', 'SPB EMPLEO, PPSE', 'COLEGIO OFICIAL DE I NGENIEROS TECNICOS', 'Premium - Prudente', '07.030.53352183020.0', 'SANTANDER SELECT MODERADO', 'Santander Obligacji Uniwersalny (Santander FIO)', 'FUNDACION PABLO VI', 'Santander Prestiz Dluzny Krotkoterminowy (Santander Prestiz SFIO)', 'SANTANDER SELECT DYNAMIC', 'FP Rothschild', 'CARITAS DIO DE SORIA', 'MI PROYECTO SANTANDER 2035, FI', 'ARZOBISPADO DE BURGOS', 'HNOS MARISTAS DE LA ENSENANZA', 'SANTANDER SELECT DINAMICO', 'ARZOBISPADO DE VALLADOLID', 'Santander Poupanca Valorizacao FPR']","['FPG00028', 'FIG05764', 'PFS00358', 'CPE05384', 'PFS00286', 'FIG05415', 'FPG01070', 'FPG00027', 'FIG05042', 'EPV00060', 'FPG01212', 'FIG05399', 'FIF04286', 'SSESG949', 'FIH00529', 'SSESG020', 'FIG05055', 'FPG00603', 'FIG04935', 'FPG01161', 'PFS00360', 'FPG00006', 'FIG05240', 'FIG04251', 'FPG00017', 'PFP00BPP', 'FIG05552', 'SSESG946', 'PFS00359', 'FPG00301', 'FPG00021', 'PFS00001', 'PFPP0BST', 'CPE05238', 'FPG00010', 'FPH00012', 'FIG05241', 'CPE05234', 'FPG16000', 'PFS00058', 'FIG04253', 'CPE05361', 'FPG00008', 'FPG01214', 'FPG00018', 'FIG02787', 'SSESG061', 'FPG00011', 'CPE05439', 'LXMS0580', 'FPG01119', 'ADM05223', 'PFS00002', 'CPE03867', 'FPG01278', 'LXMS0600', 'PFS00425', 'FPH00630', 'ADMILIF1', 'FIN00441', 'PFS00071', 'SSESG008', 'FPG00688', 'FPG01283', 'PFS00370', 'FPG01758', 'FPG00776', 'CPE04063', 'FPG15900', 'FPG01116', 'FPH00704', 'FPG00167', 'FPG00024', 'FPG01873', 'FPG00233', 'FPH00706', 'SSESG042', 'PFS00365', 'EPV00064', 'ADM0PSA1', 'FIG05698', 'ADM0PSA2', 'FPH00165', 'FPH00168', 'FPG00020', 'PFP0COND', 'FPG20002', 'PFS00368', 'FPG00376', 'FPG00004', 'CPE05467', 'FIG05884', 'EPV00062', 'ADMIEUR1', 'PFS00422', 'FPG00005', 'FPG00007', 'PFS00369', 'CPE05385', 'PFS00426', 'PFS00073', 'FIG05599', 'FIG05825', 'PLSFIO0094', 'CPE05224', 'PFS00395', 'FIG05812', 'CPE03591', 'PFS00290', 'PLFIO00133', 'PFS00297', 'PFIT1423', 'CPE00264', 'CPE05254', 'PFS00257', 'CPE00277', 'PFS00421', 'PFC00626', 'CPE05243', 'CPE05407', 'EPV10025', 'CPE05375', 'PFS00072', 'PFP00EVS', 'PFIT1425', 'PLFIO00165', 'CPE03002', 'PLSFIO0130', 'LXMS0540', 'PFP0ROTH', 'CPE05248', 'FIG05553', 'CPE04037', 'CPE05239', 'PFIT1424', 'CPE05134', 'PFIT0042']"
FRANCE (REPUBLIC OF),FR0570,FRANCE O.A.T. STRIP,"['str_001_s', 'str_002_ec', 'str_003_ec', 'str_005_ec', 'str_006_sec', 'str_sfdr8_aec', 'scs_001_sec', 'scs_002_ec']",['Totta Seguros - PPR'],['PFS00061']
FRANCE (REPUBLIC OF),FR0570,FRANCE OAT STRIP,"['str_001_s', 'str_002_ec', 'str_003_ec', 'str_005_ec', 'str_006_sec', 'str_sfdr8_aec', 'scs_001_sec', 'scs_002_ec']",['Totta Seguros - PPR'],['PFS00061']
FRANCE (REPUBLIC OF),FR0570,FRENCH (REPUBLIC OF),"['str_001_s', 'str_002_ec', 'str_003_ec', 'str_005_ec', 'str_006_sec', 'str_sfdr8_aec', 'scs_001_sec', 'scs_002_ec']",['SCH- Maxinveste'],['PFS00062']
PENDING,B96019,GE HEALTHCARE TECHNOLOGIES INC,['scs_001_sec'],"['GLOBAL PORTFOLIO 8', 'SPF United States Equities Goldman Sachs', 'SANTANDER US EQUITY HEDGED']","['LXMS0003', 'OMM5H001', 'LXMS0760']"
GERMANY (FEDERAL REPUBLIC OF),R62757,GERMANY (FEDERAL REPUBLIC OF),"['str_001_s', 'str_002_ec', 'str_003_ec', 'str_005_ec', 'str_006_sec', 'scs_001_sec', 'scs_002_ec']","['SANTANDER SOSTENIBLE CRECIMIENTO, FI', 'CARITAS DIO DE SORIA', 'GLOBAL TAXNET MARBEL LA SL', 'SANTANDER SOSTENIBLE EVOLUCION, FI', 'SANTANDER SEGUROS-CART. PPG IBERICA', 'Santander Multicredito', 'Seguro PPR+ Equilibrado', 'SANTANDER RESPONSABILIDAD SOLIDARIO, FI', 'Risco Sem Participacao', 'ARZOBISPADO DE BURGOS', 'CNP SANTANDER INSURANE EUROPE DESIGNATED', 'MACBETH EUR DYNAMIC ALLOCATION', 'CNP SANTANDER INSURANCE LIFE DESIGNATED', 'TERCIARIAS FRANCISCA NAS DEL REBAÂ¥O DE M', 'AURA SA DE SEGUROS', 'SAM CARTEIRAS CONSERVADOR']","['FIG05240', 'CPE05248', 'CPE05419', 'FIG05241', 'SSESG052', 'PFIT0647', 'PFS00058', 'FIG02787', 'PFS00055', 'CPE04037', 'ADMIEUR1', 'LXMEL034', 'ADMILIF1', 'CPE05407', 'CPE05210', 'PFI01549']"
GERMANY (FEDERAL REPUBLIC OF),R62757,GERMANY (FEDERAL REPUBLIC OF) RegS,"['str_001_s', 'str_002_ec', 'str_003_ec', 'str_005_ec', 'str_006_sec', 'scs_001_sec', 'scs_002_ec']","['MI PROYECTO SANTANDER ASG 2025, PPSI', 'CICLO VIDA II', 'Unique Portfol.â\x80\x93SFM_F.Conservador', 'Private Acoes 2020 VIII', 'MI CARTERA RENTA FIJA SOBERANA, FI', 'Seg Financeiro Equilibrado', 'Santander Obrigacoes Curto Prazo', 'SANTANDER AHORRO 19, FP', 'SANTANDER PB STRATEGIC BOND, FI', 'EUROPOPULAR INTEGRAL,F.P.', 'Platina Geracao JMPN', 'Seg Ab Private Acoes 2020 VII', 'SHELL ESPANA PENSIONES, FP', 'SANTANDER SOSTENIBLE EVOLUCION, FI', 'MI PROYECTO SANTANDER ASG 2040 PENSIONES, F.P.', 'SANTANDER ASOCIADOS RVM, FP', 'SANTANDER GESTION GLOBAL EQUILIBRADO, FI', 'SAM CARTEIRAS CONSERVADOR', 'Stellantis Life Europe Limited', 'SANTANDER PB GESTION DINAMICA DECIDIDO, FI', 'MI PROYECTO SANTANDER ASG 2035 PENSIONES, F.P', 'SANTANDER AHORRO 15, FP', 'Unique Portfol.â\x80\x93SFM_F.Agressivo', 'PREVIFUTURO II, FP', 'UP?SFM|Obrigacoes', 'SANTANDER SOSTENIBLE CRECIMIENTO, FI', 'Seguro PPR+ Equilibrado', 'SANTANDER AHORRO 23, FP', 'SANTANDER SELECT INCOME', 'Santander Aforro PPR', 'MI PROYECTO SANTANDER ASG 2030, F.P', 'SANTANDER GESTION 95, FI', 'SPB EMPLEO, PPSE', 'MI PROYECTO SANTANDER ASG 2025 PENSIONES, F.P', 'SANTANDER GESTION DINAMICA PRUDENTE, FI', 'SANTANDER SEGUROS-CART. ZENECA', 'Stellantis Insurance Europe Limited', 'SANTANDER AHORRO 8, F.P.', 'AMIGOS MEDICOS DE MADRID, FP', 'Risco Sem Participacao', 'RENTA FIJA GOBIERNOS EURO, FI', 'Unique Portfol.â\x80\x93SFM_F.Equilibrado', 'Santander Multicredito', 'INVERACTIVO CONFIANZA, FI', 'MUTUA UNIVERSAL MUGENAT, FP', 'SANTANDER GESTION GLOBAL CRECIMIENTO, FI', 'SANTANDER RESPONSABILIDAD SOLIDARIO, FI', 'EuroVida PPR Defensivo', 'FP. BANCO SANTANDER TOTTA', 'SANTANDER AHORRO 26, FP', 'Eurovida PPR Seguranca (IAS)', 'SANTANDER SEGUROS-CART. PCF', 'FP Banco Popular Portugal', 'SANTANDER GESTION DINAMICA EQUILIBRADO, FI', 'CIA HIJAS DE CARIDAD SAN VICENTE DE PAUL', 'Seg Financeiro Accoes Crescimento', 'CNP SANTANDER INSURANE EUROPE DESIGNATED', 'SANTANDER EMPLEADOS PENSIONES, FP', 'SANTANDER GO ABSOLUTE RETURN', 'GOBIERNO DE CANTABRIA PENSIONES, FP', 'CICLO DE VIDA CONSERVADOR', 'CNP SANTANDER INSURANCE LIFE DESIGNATED', 'SANTANDER AHORRO 38, FP', 'GRUPO ASTRAZENECA CONSERVADOR PENSIONES, FP', 'SANTANDER AHORRO 2, FP', 'SANTANDER AHORRO 10, FP', 'Santander Poupanca Prudente FPR', 'D.E. COFFEE & TEA SOUTHERN EUROPE PENSIONES, FP', 'AHORROPENSION OCHENTA, FP', 'SANTANDER SEGUROS-CART. DOW', 'FUNDACION PABLO VI', 'MACBETH EUR DYNAMIC ALLOCATION', 'SANTANDER AHORRO 7, FP', 'SANTANDER UNIVERSIDADES PENSIONES, FP', 'SANTANDER AM EURO CORPORATE BOND', 'EUROPREVISION EMPLEO PYMES I, PPSE', 'EUROPOPULAR EMPLEO EVOLUCION, FP', 'GRUPO CEPSA FONDO DE PENSIONES', 'INVERBANSER, FI', 'Seg Ab Private Acoes 2020 VI', 'EM. FERROCARRILS GENERALITAT VALENCIANA, FP', 'SANTANDER AHORRO 17, FP', 'SANTANDER ASOCIADOS RFM, FP', 'SANTANDER COLECTIVOS RV MIXTA 1, FP', 'SANTANDER AHORRO 27, FP', 'SANTANDER AHORRO 5, FP', 'SANTANDER COLECTIVOS RFM1, FP', 'SANTANDER COLECTIVOS RV MIXTA 2, FP', 'EUROPOPULAR VIDA, FP', 'FP Rothschild', 'CIA. HIJAS CARIDAD S.VICENTE PAUL-PAMPLON', 'COLEGIO OFICIAL DE I NGENIEROS TECNICOS', 'SANTANDER COLECTIVOS RV MIXTA 3, FP', 'PREVIFUTURO, FP', 'DIAGONAL, FP', 'Seguro PPR+ Conservador', 'SANTANDER SEGUROS-CART. PPG IBERICA', 'FP Conduril', 'SANTANDER COLECTIVOS RFM 2, FP', 'SANTANDER AHORRO 30, FP', 'FONDO DE CAPITALIZACION CEPSA']","['EPV00060', 'SSESG949', 'PFS00358', 'PFS00370', 'FIG05415', 'PFS00001', 'PFIT0011', 'FPG00020', 'FIG05256', 'FPG00776', 'PFS00209', 'PFS00369', 'FPG00021', 'FIG05241', 'FPG00603', 'FPG01873', 'FIG04253', 'PFI01549', 'ADM0PSA2', 'FIF04286', 'FPG00027', 'FPH00706', 'PFS00360', 'FPG01212', 'PFS00365', 'FIG05240', 'PFS00058', 'FPG00024', 'LXMS0580', 'PFIT1830', 'FPG01214', 'FIG05599', 'EPV10025', 'FPG00028', 'FIG04935', 'SSESG020', 'ADM0PSA1', 'FPH00165', 'FPG00688', 'PFS00055', 'FIG05764', 'PFS00359', 'PFIT0647', 'FIH00529', 'FPG00376', 'FIG04251', 'FIG02787', 'PFS00178', 'PFPP0BST', 'FPH00630', 'PFS00284', 'SSESG061', 'PFP00BPP', 'FIG05055', 'CPE03519', 'PFS00002', 'ADMIEUR1', 'FPG01278', 'LXMS0600', 'FPG01161', 'SSESG946', 'ADMILIF1', 'FPG15900', 'FPG16000', 'FPG00167', 'FPG00011', 'PFIT0605', 'FPG00301', 'FPG01758', 'SSESG042', 'CPE03002', 'LXMEL034', 'FPG00008', 'FPG01283', 'LXMS0020', 'EPV24001', 'FPG01070', 'FPH00458', 'FIG00013', 'PFS00368', 'FPH00704', 'FPG00018', 'FPH00012', 'FPG00004', 'FPG01116', 'FPG00006', 'FPG00017', 'FPG00005', 'FPG00007', 'PFP0ROTH', 'CPE00277', 'CPE05375', 'FPG00010', 'FPG20002', 'FPG00233', 'PFS00059', 'SSESG052', 'PFP0COND', 'FPH00168', 'FPG01119', 'SSE00290']"
GLAXOSMITHKLINE CAPITAL PLC,R72791,GLAXOSMITHKLINE CAPITAL PLC MTN,"['str_001_s', 'str_002_ec', 'str_003_ec', 'str_003b_ec', 'str_004_asec', 'str_005_ec', 'str_006_sec', 'str_sfdr8_aec', 'scs_001_sec', 'scs_002_ec']","['SAN Max 70% UT QIS SAM SP', 'SM MAX 70 PCNT QIS SAM', 'SMIO Max 30% Income Corporate Bonds BlackRock', 'SM San Sterling Bond Portfolio BlackRock', 'SMIO2 Sterling Bond Income BlackRock']","['AMM04005', 'OMM34017', 'OMM3AE18', 'OMM1E017', 'OMM23019']"
GLAXOSMITHKLINE CAPITAL PLC,R72791,GLAXOSMITHKLINE CAPITAL PLC MTN RegS,"['str_001_s', 'str_002_ec', 'str_003_ec', 'str_003b_ec', 'str_004_asec', 'str_005_ec', 'str_006_sec', 'str_sfdr8_aec', 'scs_001_sec', 'scs_002_ec']","['SAN Max 70% UT QIS SAM SP', 'SM MAX 50 PCNT QIS SAM', 'SM San Sterling Bond Portfolio BlackRock', 'Seguro PPR+ Conservador', 'SM MAX 70 PCNT QIS SAM', 'SMIO MAX 30 PCNT QIS SAM', 'Santander Poupanca Prudente FPR', 'SMIO Max 30% Income Corporate Bonds BlackRock', 'SMIO2 Sterling Bond Income BlackRock']","['AMM04005', 'OMM24017', 'OMM1E017', 'PFS00059', 'OMM34017', 'OMM24018', 'PFIT0605', 'OMM3AE18', 'OMM23019']"
MEXICO CITY OF,D62450,GOBIERNO DEL DISTRITO FEDERAL MEX,"['str_001_s', 'str_002_ec', 'str_003_ec', 'str_004_asec', 'str_005_ec', 'str_006_sec', 'str_sfdr8_aec', 'scs_001_sec', 'scs_002_ec']","['2001140-ISSSTE RESERVA FINANCIERA Y ACTUARIAL (SP)', '2001140-ISSSTE RESERVA FINANCIERA Y ACTUARIAL (STA)']","['MX20011402', 'MX2001140']"
HAVAS SA,R52330,HAVAS NV,"['str_001_s', 'str_002_ec', 'str_003_ec', 'str_003b_ec', 'str_004_asec', 'str_005_ec', 'str_006_sec', 'str_sfdr8_aec', 'scs_001_sec', 'scs_002_ec']",['ORILLA ASSET MANAGEM ENT S.L'],['CPE05364']
HEATHROW FUNDING LTD,D67650,HEATHROW FUNDING LTD MTN RegS,"['str_001_s', 'str_002_ec', 'str_003_ec', 'str_003b_ec', 'str_004_asec', 'str_005_ec', 'str_006_sec', 'str_sfdr8_aec', 'scs_001_sec', 'scs_002_ec']","['SM MAX 70 PCNT QIS SAM', 'SAN Max 70% UT QIS SAM SP', 'SMIO2 Sterling Bond Income BlackRock', 'SMIO MAX 30 PCNT QIS SAM', 'SM MAX 50 PCNT QIS SAM']","['OMM34017', 'AMM04005', 'OMM23019', 'OMM24018', 'OMM24017']"
HEIMSTADEN BOSTAD TREASURY BV,K38367,HEIMSTADEN BOSTAD TREASURY BV MTN RegS,"['str_001_s', 'str_002_ec', 'str_003_ec', 'str_003b_ec', 'str_004_asec', 'str_005_ec', 'str_006_sec', 'str_sfdr8_aec', 'scs_001_sec', 'scs_002_ec']","['SANTANDER HORIZONTE 2027, FI', 'FUNDACION CATALINA LABOURE', 'Santander Poupanca Prudente FPR', 'Santander Obligacji Uniwersalny (Santander FIO)', 'S.A. INDUSTRIAS CELULOSA ARAGONESA', 'HNAS HOSPITAL.SC JESUS PROV.ESP.SUC.5450', 'HNAS HOSPITAL.SC JESUS PROV.ESP.SUC.5240', 'GESBOLSA, S.A.', 'NAVARRA MAQUINARIA AGRICOLA S.L', 'SANTANDER HORIZONTE 2026 3, FI', 'SANTANDER RF AHORRO, FI', 'FUNDACION MARIA JOSEFA RECIO', 'ATOCHA S.A. DE SEGUROS', 'Seguro PPR+ Conservador', 'BENISA PROMOCIONES S .L.', 'COLEGIO MONFORT, S.A.', 'TOURIN EUROPEO S.A.', 'Cia Hijas Caridad S. Vicente de Paul Mad', 'Santander Prestiz Obligacji Korporacyjnych (Santander Prestiz SFIO)']","['FIG05495', 'CPE04039', 'PFIT0605', 'PLFIO00165', 'CPE04051', 'CPE04080', 'CPE04081', 'ADM03947', 'CPE05382', 'FIG05485', 'FIN00441', 'CPE04044', 'CPE03273', 'PFS00059', 'CPE05260', 'ADM04007', 'CPE05215', 'CPE03853', 'PLSFIO0094']"
HSBC MEXICO SA INSTITUCION DE BANCA MULTIPLE GRUPO FINANCIERO HSBC,R65377,HSBC MEXICO SA INSTITUCION DE BANC,"['str_001_s', 'str_002_ec', 'str_003_ec', 'str_003b_ec', 'str_004_asec', 'str_005_ec', 'str_006_sec', 'str_sfdr8_aec', 'scs_001_sec', 'scs_002_ec']","['Fondo SAM Deuda Corto Plazo 17, S.A. de C.V.', 'Fondo SAM Deuda Corto Plazo 11, S.A. de C.V.', 'Fondo SAM Deuda Corto Plazo 16, S.A de C.V.', 'Fondo SAM Deuda Corto Plazo 9, S.A. de C.V.', 'Fondo SAM Deuda Corto Plazo 2, S.A. de C.V.', '158812 Garanplus, S.A. de C.V.', '65507298252-BBVA BANCOMER SA F/470914 SUBCTA 2 DIRECCION FIDUCIARIA', 'Fondo SAM Deuda Corto Plazo 3, S.A. de C.V.']","['SUPER', 'STER1P', 'STER10P', 'STER-1', 'FONSER1', 'MX158812', 'MX07298252', 'PYMES']"
ILE-DE-FRANCE MOBILITES,H87066,ILE-DE-FRANCE MOBILITES MTN RegS,"['str_001_s', 'str_002_ec', 'str_003_ec', 'str_003b_ec', 'str_004_asec', 'str_005_ec', 'str_006_sec', 'str_sfdr8_aec', 'scs_001_sec', 'scs_002_ec']","['SANTANDER SOSTENIBLE EVOLUCION, FI', 'SANTANDER SOSTENIBLE BONOS', 'SANTANDER SOSTENIBLE CRECIMIENTO, FI']","['FIG05241', 'FIG05402', 'FIG05240']"
INTEGRACAO TRANSMISSORA DE ENERGIA SA,I71038,INTEGRACAO TRANSMISSORA DE ENERGIA,"['str_001_s', 'str_002_ec', 'str_003_ec', 'str_003b_ec', 'str_004_asec', 'str_005_ec', 'str_006_sec', 'str_sfdr8_aec', 'scs_001_sec', 'scs_002_ec']","['SANTANDER FI RENDA FIXA', 'SANTANDER FI RENDA FIXA DI', 'Santander Credito Corporativo 30 RF', 'BRASIL TESTE BRL (RPATESTE0001)', 'SANTANDER FI RENDA FIXA CP LP', 'SANTANDER PERFORMANCE TOP FI MM', 'SANTANDER EXCELENCIA MASTER FI MM CP LP']","['SFSB0056', 'SFSB0049', 'BR4030', 'BRTSTBRL', 'BR0716', 'SFSB0946', 'BR1387']"
INVESCO PHYSICAL MARKETS PLC,H81506,INVESCO PHYSICAL GOLD ETC PLC,"['str_001_s', 'str_002_ec', 'str_003_ec', 'str_003b_ec', 'str_004_asec', 'str_005_ec', 'str_006_sec', 'str_sfdr8_aec', 'scs_001_sec', 'scs_002_ec']","['SANTANDER PRIVATE MODERADO', 'Fondo Mutuo Santander Prudente Dolar', 'SANTANDER SELECT DEFENSIVO', 'SANTANDER SELECT INCOME', 'Santander MyWealth Progressive', 'Santander Atlas 7 Portfolio', 'SANTANDER GESTION GLOBAL EQUILIBRADO, FI', 'SANTANDER SELECT DINAMICO', 'COBLILAC SL', 'Santander Atlas 6 Portfolio', 'Santander Poupanca Valorizacao FPR', 'Santander MyWealth Moderate', 'SANTANDER PRIVATE DINAMICO', 'Santander Multi Index Fund 3', 'SANTANDER SELECT DYNAMIC', 'SPBG PREMIUM VOLATILIDAD 25, FI', 'Seg Financeiro Accoes Crescimento', 'SANTANDER SELECT MODERATE', 'Fondo Mutuo Santander Agresivo Dolar', 'Santander MyWealth Cautious', 'SANTANDER GESTION GLOBAL DECIDIDO, FI', 'SANTANDER SELECT MODERADO', 'Santander Multi Index Fund 4', 'SANTANDER GESTION GLOBAL CRECIMIENTO, FI', 'Santander Multi Index Fund 2', 'Fondo Mutuo Santander Equilibrio Dolar', 'Seg Financeiro Equilibrado', 'SERVICIOS MEDICOS CEDIMMA S.L.', 'SANTANDER GESTION DINAMICA PRUDENTE, FI', 'Santander Multi Index Fund 1', 'ERODIADE', 'SANTANDER PB GESTION DINAMICA DECIDIDO, FI', 'SANTANDER PRIVATE DEFENSIVO', 'SANTANDER GESTION DINAMICA EQUILIBRADO, FI', 'Santander Atlas 4 Portfolio', 'Santander Atlas 3 Portfolio', 'SPBG PREMIUM VOLATILIDAD 10, FI', 'SANTANDER SELECT DEFENSIVE', 'SPBG PREMIUM VOLATILIDAD 15, FI', 'Santander MyWealth Balanced', 'Santander Atlas 5 Portfolio', 'SPBG PREMIUM VOLATILIDAD 5, FI']","['PFIT1422', 'CL31321', 'PFIT1423', 'LXMS0580', 'OEI20450', 'OEI30002', 'FIG04253', 'PFIT1424', 'CPE05410', 'OEI50017', 'PFIT0042', 'OEI20430', 'PFIT1421', 'OEI40020', 'LXMS0540', 'FIG05587', 'PFS00002', 'LXMS0530', 'CL31359', 'OEI20420', 'FIG02410', 'PFIT1425', 'OEI50020', 'FIG04251', 'OEI30020', 'CL31021', 'PFS00001', 'CPE05369', 'FIG04935', 'OEI20020', 'LXMEL019', 'FIF04286', 'PFIT1426', 'FIG05055', 'OEI00002', 'OEI20002', 'FIG05590', 'LXMS0520', 'FIG05589', 'OEI20440', 'OEI40002', 'FIG05588']"
ISA CAPITAL DO BRASIL SA,D02515,ISA CAPITAL DO BRASIL SA,"['str_001_s', 'str_002_ec', 'str_003_ec', 'str_004_asec', 'str_005_ec', 'str_006_sec', 'str_sfdr8_aec', 'scs_001_sec', 'scs_002_ec']","['SANTANDER FUNDO INCENTIVADO INFRAESTRUTURA CDI 2 RF CP FI', 'BRASIL TESTE BRL (RPATESTE0001)']","['BR4418', 'BRTSTBRL']"
ITT HOLDINGS LLC,H09283,ITT HOLDINGS LLC  144A,"['str_001_s', 'str_002_ec', 'str_003_ec', 'str_003b_ec', 'str_004_asec', 'str_005_ec', 'str_006_sec', 'str_sfdr8_aec', 'scs_001_sec', 'scs_002_ec']",['SANTANDER GO GLOBAL HIGH YIELD BOND'],['LXMS0670']
JACKSON NATIONAL LIFE GLOBAL FUNDING,R73853,JACKSON NATIONAL LIFE GLOBAL FUNDI 144A,"['str_001_s', 'str_002_ec', 'str_003_ec', 'str_003b_ec', 'str_004_asec', 'str_005_ec', 'str_006_sec', 'str_sfdr8_aec', 'scs_001_sec', 'scs_002_ec']",['SANTANDER GO SHORT DURATIO DOLLAR'],['LXMS0170']
JACKSON NATIONAL LIFE GLOBAL FUNDING,R73853,JACKSON NATIONAL LIFE GLOBAL FUNDI MTN 144A,"['str_001_s', 'str_002_ec', 'str_003_ec', 'str_003b_ec', 'str_004_asec', 'str_005_ec', 'str_006_sec', 'str_sfdr8_aec', 'scs_001_sec', 'scs_002_ec']",['SANTANDER GO SHORT DURATIO DOLLAR'],['LXMS0170']
JEFFERIES FINANCE LLC,D44256,JEFFERIES FINANCE LLC      144A,"['str_001_s', 'str_002_ec', 'str_003_ec', 'str_003b_ec', 'str_004_asec', 'str_005_ec', 'str_006_sec', 'str_sfdr8_aec', 'scs_001_sec', 'scs_002_ec']",['SANTANDER GO GLOBAL HIGH YIELD BOND'],['LXMS0670']
JOHN DEERE CREDIT COMPANIA FINANCIERA SA,G32320,JOHN DEERE  C.11 USD,"['str_001_s', 'str_002_ec', 'str_003_ec', 'str_004_asec', 'str_005_ec', 'str_006_sec', 'str_sfdr8_aec', 'scs_001_sec', 'scs_002_ec']",['Superfondo Estrategico F.C.I.'],['SUPESTRA']
JOHN DEERE CREDIT COMPANIA FINANCIERA SA,G32320,JOHN DEERE C. 13 USD,"['str_001_s', 'str_002_ec', 'str_003_ec', 'str_004_asec', 'str_005_ec', 'str_006_sec', 'str_sfdr8_aec', 'scs_001_sec', 'scs_002_ec']","['Superfondo Renta Mixta F.C.I.', 'Super Bonos F.C.I.']","['RTAMIXTA', 'COBERTUR']"
JOHN DEERE CREDIT COMPANIA FINANCIERA SA,G32320,JOHN DEERE CLASE 10,"['str_001_s', 'str_002_ec', 'str_003_ec', 'str_004_asec', 'str_005_ec', 'str_006_sec', 'str_sfdr8_aec', 'scs_001_sec', 'scs_002_ec']","['Super Bonos F.C.I.', 'Supergestion Balanceado F.C.I.', 'Superfondo Renta Mixta F.C.I.']","['COBERTUR', 'BALANCEA', 'RTAMIXTA']"
EURO STOCK 50 INDEX,G56580,JUN25 SX5E C @ 5250.000000,"['str_001_s', 'str_002_ec', 'str_003_ec', 'str_004_asec', 'str_005_ec', 'str_006_sec', 'scs_001_sec', 'scs_002_ec']","['SANTANDER PATRIMONIO DIVERSIFICADO, FIL']",['FIL00081']
EURO STOCK 50 INDEX,G56580,JUN25 SX5E C @ 5400.000000,"['str_001_s', 'str_002_ec', 'str_003_ec', 'str_004_asec', 'str_005_ec', 'str_006_sec', 'scs_001_sec', 'scs_002_ec']","['SANTANDER PATRIMONIO DIVERSIFICADO, FIL']",['FIL00081']
EURO STOCK 50 INDEX,G56580,JUN25 SX5E C @ 5600.000000,"['str_001_s', 'str_002_ec', 'str_003_ec', 'str_004_asec', 'str_005_ec', 'str_006_sec', 'scs_001_sec', 'scs_002_ec']","['SANTANDER AHORRO 28, FP']",['FPG01117']
KALLPA GENERACION SA,F95314,KALLPA GENERACION SA       RegS,"['str_001_s', 'str_002_ec', 'str_003_ec', 'str_004_asec']","['RUSALKA', 'HI-KAPPA-23-SFonds', 'HI-SZVA-2-SFonds']","['LXMEL032', 'MDTLEWGA', 'MDTLEREN']"
LEHMAN BROTHERS HOLDINGS INC (OLD),820931,LEHMAN BROTHERS HOLDINGS INC. MTN,"['str_001_s', 'str_002_ec', 'str_003_ec', 'str_004_asec']",['FP Rothschild'],['PFP0ROTH']
LIQUIDIA CORP,J49950,LIQUIDIA CORP,"['str_001_s', 'str_002_ec', 'str_003_ec', 'str_003b_ec', 'str_004_asec', 'str_005_ec', 'str_006_sec', 'str_sfdr8_aec', 'scs_001_sec', 'scs_002_ec']",['SERVICIOS MEDICOS CEDIMMA S.L.'],['CPE05369']
LUPATECH SA,C76020,LUPATECH S A SAINARY SHARES BRAZIL,"['str_001_s', 'str_002_ec', 'str_003_ec', 'str_004_asec']",['SANTANDER STAR LONG & SHORT DIRECIONAL FI MM'],['BR1575']
YAHOO JAPAN CORP,D36053,LY CORP,"['str_001_s', 'str_002_ec', 'str_003_ec', 'str_004_asec', 'str_005_ec', 'str_006_sec', 'str_sfdr8_aec', 'scs_001_sec', 'scs_002_ec']",['SPF Japan Equities Amundi'],['OMM1AA01']
MACIF,C02411,MACIF             RegS,"['str_001_s', 'str_002_ec', 'str_003_ec', 'str_003b_ec', 'str_004_asec', 'str_005_ec', 'str_006_sec', 'str_sfdr8_aec', 'scs_001_sec', 'scs_002_ec']","['COLEGIO MONFORT, S.A.', 'SANTANDER RF AHORRO, FI', 'SANTANDER HORIZONTE 2027 4, FI', 'LAYRO SA', 'SANTANDER PB TARGET 2027 3, FI', 'FUNDACION PABLO VI', 'ESCLAVAS SANTISIMA EUCARISTIA MADRE DE D', 'SANTANDER HORIZONTE 2027 3, FI', 'SANTANDER HORIZONTE 2027 2, FI', 'SANTANDER CUMBRE 2027 PLUS, FI', 'TOURIN EUROPEO S.A.', 'OBRAS CIVILES DEL AT LANTICO S.L.']","['ADM04007', 'FIN00441', 'FIG05648', 'CPE05257', 'FIG03436', 'CPE03002', 'CPE04087', 'FIG05617', 'FIG05520', 'FIG05595', 'CPE05215', 'CPE05420']"
MAGELLAN MORTGAGES NO 4 PLC,C79902,MAGEL_4    A RegS,"['str_001_s', 'str_002_ec', 'str_003_ec', 'str_003b_ec', 'str_004_asec', 'str_005_ec', 'str_006_sec', 'str_sfdr8_aec', 'scs_001_sec', 'scs_002_ec']","['EPV SANTANDER MI PLAN MODERADO', 'FP SANTANDER MI PLAN DECIDIDO']","['EPV00051', 'FPH00254']"
EURO STOCK 50 INDEX,G56580,MAY25 SX5E C @ 5625.000000,"['str_001_s', 'str_002_ec', 'str_003_ec', 'str_004_asec', 'str_005_ec', 'str_006_sec', 'scs_001_sec', 'scs_002_ec']","['MI PROYECTO SANTANDER ASG 2035, PPSI', 'MI PROYECTO SANTANDER ASG 2040 PENSIONES, F.P.', 'MI PROYECTO SANTANDER ASG SMART, PPSI', 'MI PROYECTO SANTANDER SMART, FI', 'MI PROYECTO SANTANDER ASG 2030, F.P', 'MI PROYECTO SANTANDER 2025, FI', 'MI PROYECTO SANTANDER 2040, FI', 'MI PROYECTO SANTANDER ASG 2040, PPSI', 'MI PROYECTO SANTANDER ASG 2025 PENSIONES, F.P', 'MI PROYECTO SANTANDER 2035, FI', 'MI PROYECTO SANTANDER ASG 2045, FP', 'MI PROYECTO SANTANDER ASG 2030, PPSI', 'MI PROYECTO SANTANDER ASG 2035 PENSIONES, F.P', 'MI PROYECTO SANTANDER 2030, FI', 'MI PROYECTO SANTANDER ASG 2025, PPSI']","['EPV00062', 'FPG00603', 'EPV00064', 'FIG05551', 'FPG01214', 'FIG05554', 'FIG05552', 'EPV00063', 'FPG00028', 'FIG05553', 'FPG01213', 'EPV00061', 'FPG00027', 'FIG05555', 'EPV00060']"
EURO STOCK 50 INDEX,G56580,MAY25 SX5E P @ 5000.000000,"['str_001_s', 'str_002_ec', 'str_003_ec', 'str_004_asec', 'str_005_ec', 'str_006_sec', 'scs_001_sec', 'scs_002_ec']","['SANTANDER AHORRO 28, FP']",['FPG01117']
EURO STOCK 50 INDEX,G56580,MAY25 SX5E P @ 5150.000000,"['str_001_s', 'str_002_ec', 'str_003_ec', 'str_004_asec', 'str_005_ec', 'str_006_sec', 'scs_001_sec', 'scs_002_ec']","['MI PROYECTO SANTANDER ASG SMART, PPSI', 'MI PROYECTO SANTANDER ASG 2040 PENSIONES, F.P.', 'MI PROYECTO SANTANDER ASG 2035 PENSIONES, F.P', 'MI PROYECTO SANTANDER ASG 2035, PPSI', 'MI PROYECTO SANTANDER 2025, FI', 'MI PROYECTO SANTANDER 2040, FI', 'MI PROYECTO SANTANDER ASG 2030, F.P', 'MI PROYECTO SANTANDER SMART, FI', 'MI PROYECTO SANTANDER ASG 2040, PPSI', 'MI PROYECTO SANTANDER ASG 2025, PPSI', 'MI PROYECTO SANTANDER 2035, FI', 'MI PROYECTO SANTANDER ASG 2045, FP', 'MI PROYECTO SANTANDER ASG 2030, PPSI', 'MI PROYECTO SANTANDER ASG 2025 PENSIONES, F.P', 'MI PROYECTO SANTANDER 2030, FI']","['EPV00064', 'FPG00603', 'FPG00027', 'EPV00062', 'FIG05554', 'FIG05552', 'FPG01214', 'FIG05551', 'EPV00063', 'EPV00060', 'FIG05553', 'FPG01213', 'EPV00061', 'FPG00028', 'FIG05555']"
EURO STOCK 50 INDEX,G56580,MAY25 SX5E P @ 5400.000000,"['str_001_s', 'str_002_ec', 'str_003_ec', 'str_004_asec', 'str_005_ec', 'str_006_sec', 'scs_001_sec', 'scs_002_ec']","['SANTANDER GESTION GLOBAL CRECIMIENTO, FI', 'Santander Poupanca Valorizacao FPR', 'SANTANDER SELECT DEFENSIVO', 'SANTANDER SELECT DEFENSIVE']","['FIG04251', 'PFIT0042', 'PFIT1423', 'LXMS0520']"
STOXX EUROPE 600,G77824,MAY25 SXXP C @ 572.500000,"['str_001_s', 'str_002_ec', 'str_003_ec', 'str_004_asec', 'str_005_ec', 'str_006_sec', 'scs_001_sec', 'scs_002_ec']","['SANTANDER GESTION GLOBAL CRECIMIENTO, FI', 'Santander Poupanca Valorizacao FPR', 'SANTANDER SELECT DEFENSIVE', 'SANTANDER SELECT DEFENSIVO']","['FIG04251', 'PFIT0042', 'LXMS0520', 'PFIT1423']"
STOXX EUROPE 600,G77824,MAY25 SXXP P @ 502.500000,"['str_001_s', 'str_002_ec', 'str_003_ec', 'str_004_asec', 'str_005_ec', 'str_006_sec', 'scs_001_sec', 'scs_002_ec']","['SANTANDER GESTION DINAMICA EQUILIBRADO, FI', 'SANTANDER PB GESTION DINAMICA DECIDIDO, FI']","['FIG05055', 'FIF04286']"
STOXX EUROPE 600,G77824,MAY25 SXXP P @ 542.500000,"['str_001_s', 'str_002_ec', 'str_003_ec', 'str_004_asec', 'str_005_ec', 'str_006_sec', 'scs_001_sec', 'scs_002_ec']","['SANTANDER PB GESTION DINAMICA DECIDIDO, FI', 'SANTANDER GESTION DINAMICA EQUILIBRADO, FI']","['FIF04286', 'FIG05055']"
MELCO RESORTS FINANCE LTD,F02513,MELCO RESORTS FINANCE LTD  RegS,"['str_001_s', 'str_002_ec', 'str_003_ec', 'str_003b_ec', 'str_004_asec', 'str_005_ec', 'str_006_sec', 'str_sfdr8_aec', 'scs_001_sec', 'scs_002_ec']",['SANTANDER GO GLOBAL HIGH YIELD BOND'],['LXMS0670']
MERCADO CREDITO SOCIEDADE DE CREDITO FINANCIAMENTO E INVESTIMENTO SA,J72282,MERCADO CREDITO SOCIEDADE DE CREDI Prvt,"['str_001_s', 'str_002_ec', 'str_003_ec', 'str_003b_ec', 'str_004_asec', 'str_005_ec', 'str_006_sec', 'str_sfdr8_aec', 'scs_001_sec', 'scs_002_ec']","['SANTANDER FI RENDA FIXA DI CP', 'SANTANDER ANS II FI RENDA FIXA CP', 'SBPREV I MASTER RENDA FIXA CP FI', 'SANTANDER ANS FI RENDA FIXA CP', 'SANTANDER ARGO CASH MANAGEMENT FIC RENDA FIXA DI', 'SANTANDER BANCOS RF CRED PRIVADO FI', 'SANTANDER PREV RENDA FIXA REFERENCIADO DI FUNDO DE INVESTIMENTO', 'SANTANDER EXCELENCIA MASTER FI MM CP LP', 'SANTANDER PROFIT FI RENDA FIXA DI', 'SANTANDER PREV RF CREDITO PRIVADO EQUILIBRIO FIF RESP LIM', 'SANTANDER FI RENDA FIXA DI', 'SANTANDER MASTER FI RENDA FIXA CP LP', 'SANTANDER FI RENDA FIXA', 'SANTANDER BALTICO II FI RENDA FIXA', 'SANTANDER FI RENDA FIXA CP LP', 'SANTANDER PREV FI RENDA FIXA CP']","['BR0720', 'BR1311', 'BR4362', 'BR1183', 'BR1675', 'BR4428', 'BR4245', 'BR1387', 'BR0700', 'BR4520', 'SFSB0049', 'BR1282', 'SFSB0056', 'BR1257', 'BR0716', 'BR1346']"
MOBLY SA,J55978,MOBLY SA,"['str_001_s', 'str_002_ec', 'str_003_ec', 'str_003b_ec', 'str_004_asec', 'str_005_ec', 'str_006_sec', 'str_sfdr8_aec', 'scs_001_sec', 'scs_002_ec']",['SANTANDER STAR LONG & SHORT DIRECIONAL FI MM'],['BR1575']
MACIF,C02411,MUTUELLE ASSURANCE,"['str_001_s', 'str_002_ec', 'str_003_ec', 'str_003b_ec', 'str_004_asec', 'str_005_ec', 'str_006_sec', 'str_sfdr8_aec', 'scs_001_sec', 'scs_002_ec']",['SANTANDER GO DYNAMIC BOND'],['LXMS0640']
NOVO BANCO SA,G76196,NOVO BANCO SA,"['str_001_s', 'str_002_ec', 'str_003_ec', 'str_004_asec', 'str_005_ec', 'str_006_sec', 'str_sfdr8_aec', 'scs_001_sec', 'scs_002_ec']","['Seguro PPR+ Conservador', 'SANTANDER AM EURO CORPORATE BOND', 'Seg Financeiro Equilibrado', 'HI-SZVA-5-SFonds', 'Santander Poupanca Prudente FPR', 'HI-KAPPA-11-SFonds', 'SANTANDER RENTA FIJA PRIVADA, FI']","['PFS00059', 'LXMS0020', 'PFS00001', 'MDTLEMUW', 'PFIT0605', 'MDTLEMUB', 'FIG01998']"
NOVO BANCO SA,G76196,NOVO BANCO SA MTN RegS,"['str_001_s', 'str_002_ec', 'str_003_ec', 'str_004_asec', 'str_005_ec', 'str_006_sec', 'str_sfdr8_aec', 'scs_001_sec', 'scs_002_ec']",['Eurovida Platina FJC'],['PFS00219']
NTT FINANCE UK LTD,J54122,NTT FINANCE UK LTD,"['str_001_s', 'str_002_ec', 'str_003_ec', 'str_003b_ec', 'str_004_asec', 'str_005_ec', 'str_006_sec', 'str_sfdr8_aec', 'scs_001_sec', 'scs_002_ec']",['SANTANDER MONEY MARKET FUND EUR VNAV'],['LXMA0012']
JOHN DEERE CREDIT COMPANIA FINANCIERA SA,G32320,ON JOHN DEERE C.14,"['str_001_s', 'str_002_ec', 'str_003_ec', 'str_004_asec', 'str_005_ec', 'str_006_sec', 'str_sfdr8_aec', 'scs_001_sec', 'scs_002_ec']",['Superfondo Estrategico F.C.I.'],['SUPESTRA']
JOHN DEERE CREDIT COMPANIA FINANCIERA SA,G32320,ON JOHN DEERE C.16,"['str_001_s', 'str_002_ec', 'str_003_ec', 'str_004_asec', 'str_005_ec', 'str_006_sec', 'str_sfdr8_aec', 'scs_001_sec', 'scs_002_ec']",['Superfondo Estrategico F.C.I.'],['SUPESTRA']
PSA FINANCE ARGENTINA COMPANIA FINANCIERA SA,D66320,ON PSA SERIE 32,"['str_001_s', 'str_002_ec', 'str_003_ec', 'str_004_asec', 'str_005_ec', 'str_006_sec', 'str_sfdr8_aec', 'scs_001_sec', 'scs_002_ec']",['Super Ahorro Plus F.C.I.'],['AHPLUS']
ONCOCLINICAS DO BRASIL SERVICOS MEDICOS SA,G31818,ONCOCLINICAS DO BRASIL SERVICOS ME,"['str_001_s', 'str_002_ec', 'str_003_ec', 'str_003b_ec', 'str_004_asec', 'str_005_ec', 'str_006_sec', 'str_sfdr8_aec', 'scs_001_sec', 'scs_002_ec']","['Santander Credito Corporativo 30 RF', 'SBPREV I MASTER RENDA FIXA CP FI', 'SANTANDER PREV FI RENDA FIXA CP', 'SANTANDER MASTER FI RENDA FIXA CP LP', 'SANTANDER FUNPRESP FI RENDA FIXA CP', 'IAJA SAM ACOES FI', 'SANTANDER STAR LONG & SHORT DIRECIONAL FI MM', 'SANTANDER FI RENDA FIXA DI CP', 'BRASIL TESTE BRL (RPATESTE0001)', 'SANTANDER ANS II FI RENDA FIXA CP', 'SANTANDER FI RENDA FIXA CP LP', 'SANTANDER IBRX FI ACOES', 'SANTANDER PREV CREDITO PRIVADO DINAMICO FI', 'SANTANDER SMALL CAPS ACOES FI', 'SANTANDER EXCELENCIA MASTER FI MM CP LP', 'SANTANDER ANS FI RENDA FIXA CP']","['BR4030', 'BR4362', 'BR1346', 'BR1282', 'NFSB1134', 'BR4136', 'BR1575', 'BR0720', 'BRTSTBRL', 'BR1311', 'BR0716', 'BR0152', 'BR4132', 'BR4419', 'BR1387', 'BR1183']"
OPTION ONE MORTGAGE LOAN TRUST OOMLT_05-1,C12200,OOMLT_05-1   M1,"['str_001_s', 'str_002_ec', 'str_003_ec', 'str_004_asec', 'str_005_ec', 'str_006_sec', 'str_sfdr8_aec', 'scs_001_sec', 'scs_002_ec']",['SANTANDER GO DYNAMIC BOND'],['LXMS0640']
PARTNERS GROUP GLOBAL INFRASTRUCTURE 2018 EUR SCA SICAV-RAIF,I92985,PARTNERS GROUP GLOBAL INFRA 2018,"['str_001_s', 'str_002_ec', 'str_003_ec', 'str_004_asec', 'str_005_ec', 'str_006_sec', 'str_sfdr8_aec', 'scs_001_sec', 'scs_002_ec']","['SANTANDER AHORRO 17, FP', 'SANTANDER EMPLEADOS PENSIONES, FP', 'GRUPO CEPSA FONDO DE PENSIONES', 'FONDO DE CAPITALIZACION CEPSA', 'FP Banco Popular Portugal', 'FP. BANCO SANTANDER TOTTA']","['FPG00018', 'FPG01278', 'FPH00458', 'SSE00290', 'PFP00BPP', 'PFPP0BST']"
PARTNERS GROUP PRIVATE EQUITY LTD,R78992,PARTNERS GROUP PRIVATE EQUITY LTD,"['str_001_s', 'str_002_ec', 'str_003_ec', 'str_003b_ec', 'str_004_asec', 'str_005_ec', 'str_006_sec', 'str_sfdr8_aec', 'scs_001_sec', 'scs_002_ec']","['SANTANDER PATRIMONIO DIVERSIFICADO, FIL']",['FIL00081']
PRUMO PARTICIPACOES E INVESTIMENTOS SA,I43034,PRUMO PARTICIPACOES E INVESTIMENTO RegS,"['str_001_s', 'str_002_ec', 'str_003_ec', 'str_003b_ec', 'str_004_asec', 'str_005_ec', 'str_006_sec', 'str_sfdr8_aec', 'scs_001_sec', 'scs_002_ec']","['SANTANDER LATIN AMERICAN CORPORATE BOND', 'RUSALKA']","['LXMS0100', 'LXMEL032']"
BANQUE STELLANTIS FRANCE SA,H44516,PSA BANQUE FRANCE MTN RegS,"['str_001_s', 'str_002_ec', 'str_003_ec', 'str_003b_ec', 'str_004_asec', 'str_005_ec', 'str_006_sec', 'str_sfdr8_aec', 'scs_001_sec', 'scs_002_ec']","['CNP SANTANDER INSURANE EUROPE DESIGNATED', 'OBRAS CIVILES DEL AT LANTICO S.L.', 'FONDO AHORRO, FI', 'CNP SANTANDER INSURANCE LIFE DESIGNATED', 'SOIDEMER S.L.', 'SANTANDER ASG RF CORTO PLAZO, PPSI', 'SANTANDER ASG RENTA FIJA CORTO PLAZO PENSIONES, FP', 'Unique Portfol.â\x80\x93SFM_F.Objetivo 2026', 'SANTANDER RENDIMIENTO, FI']","['ADMIEUR1', 'CPE05420', 'FIN00315', 'ADMILIF1', 'CPE05451', 'EPV14005', 'FPG01072', 'PFS00395', 'FIH01197']"
RAIZEN FUELS FINANCE SA,H93911,RAIZEN FUELS FINANCE SA,"['str_001_s', 'str_002_ec', 'str_003_ec', 'str_003b_ec', 'str_004_asec', 'str_005_ec', 'str_006_sec', 'str_sfdr8_aec', 'scs_001_sec', 'scs_002_ec']","['RUSALKA', 'HI-KAPPA-23-SFonds', 'HI-SZVA-2-SFonds', 'BEL CANTO SICAV MOCTEZUMA', 'OTELLO', 'SANTANDER LATIN AMERICA INVESTMENT GRADE ESG BOND', 'FIDELIO', 'SANTANDER LATIN AMERICAN CORPORATE BOND']","['LXMEL032', 'MDTLEWGA', 'MDTLEREN', 'LXMEL040', 'LXMEL031', 'LXMS0660', 'LXMEL024', 'LXMS0100']"
RAIZEN FUELS FINANCE SA,H93911,RAIZEN FUELS FINANCE SA    RegS,"['str_001_s', 'str_002_ec', 'str_003_ec', 'str_003b_ec', 'str_004_asec', 'str_005_ec', 'str_006_sec', 'str_sfdr8_aec', 'scs_001_sec', 'scs_002_ec']","['OTELLO', 'RUSALKA', 'SANTANDER LATIN AMERICAN CORPORATE BOND']","['LXMEL031', 'LXMEL032', 'LXMS0100']"
HSBC MEXICO SA INSTITUCION DE BANCA MULTIPLE GRUPO FINANCIERO HSBC,R65377,REP MEXICO (UNITED MEXICAN STATES) HSBCMEX,"['str_001_s', 'str_002_ec', 'str_003_ec', 'str_003b_ec', 'str_004_asec', 'str_005_ec', 'str_006_sec', 'str_sfdr8_aec', 'scs_001_sec', 'scs_002_ec']","['Fondo SAM Deuda Corto Plazo 9, S.A. de C.V.', 'Fondo SAM Deuda Corto Plazo 10, S.A. de C.V.', 'Fondo SAM Deuda Corto Plazo 3, S.A. de C.V.']","['STER-1', 'STER1G', 'PYMES']"
RINKER MATERIALS CORP,B90900,RINKER MATERIALS CORP      RegS,"['str_001_s', 'str_002_ec', 'str_003_ec', 'str_004_asec', 'str_005_ec', 'str_006_sec', 'str_sfdr8_aec', 'scs_001_sec', 'scs_002_ec']",['BEL CANTO SALOME ENHANCED YIELD'],['LXMEL026']
PENDING,B96019,SANTANDER SECONDARIES CLASE I,['scs_001_sec'],"['SANTANDER COLECTIVOS RV MIXTA 1, FP', 'SANTANDER COLECTIVOS RV MIXTA 2, FP', 'MUTUA UNIVERSAL MUGENAT, FP', 'SANTANDER SEGUROS-CART. DOW', 'SANTANDER COLECTIVOS RFM 2, FP', 'SANTANDER AHORRO 23, FP', 'SANTANDER AHORRO 15, FP']","['FPG00004', 'FPG00005', 'FPG00376', 'SSESG042', 'FPH00168', 'FPG00024', 'FPH00706']"
SCENTRE GROUP TRUST 1,R57386,SCENTRE GROUP TRUST 1      144A,"['str_001_s', 'str_002_ec', 'str_003_ec', 'str_004_asec', 'str_005_ec', 'str_006_sec', 'scs_001_sec', 'scs_002_ec']",['SANTANDER GO SHORT DURATIO DOLLAR'],['LXMS0170']
SCENTRE GROUP TRUST 1,R57386,SCENTRE GROUP TRUST 1 / SCENTRE GR 144A,"['str_001_s', 'str_002_ec', 'str_003_ec', 'str_004_asec', 'str_005_ec', 'str_006_sec', 'scs_001_sec', 'scs_002_ec']",['SANTANDER GO SHORT DURATIO DOLLAR'],['LXMS0170']
EURO STOCK 50 INDEX,G56580,SEP25 SX5E C @ 5800.000000,"['str_001_s', 'str_002_ec', 'str_003_ec', 'str_004_asec', 'str_005_ec', 'str_006_sec', 'scs_001_sec', 'scs_002_ec']","['SANTANDER AHORRO 28, FP', 'SANTANDER PATRIMONIO DIVERSIFICADO, FIL']","['FPG01117', 'FIL00081']"
EURO STOCK 50 INDEX,G56580,SEP25 SX5E P @ 5000.000000,"['str_001_s', 'str_002_ec', 'str_003_ec', 'str_004_asec', 'str_005_ec', 'str_006_sec', 'scs_001_sec', 'scs_002_ec']","['SANTANDER PATRIMONIO DIVERSIFICADO, FIL']",['FIL00081']
SKY LTD,R49692,SKY LTD MTN RegS,"['str_001_s', 'str_002_ec', 'str_003_ec', 'str_003b_ec', 'str_004_asec', 'str_005_ec', 'str_006_sec', 'str_sfdr8_aec', 'scs_001_sec', 'scs_002_ec']","['SANTANDER SOSTENIBLE RF AHORRO, FI', 'Stellantis Insurance Europe Limited', 'Stellantis Life Europe Limited']","['FIG00677', 'ADM0PSA1', 'ADM0PSA2']"
SNIACE EN LIQUIDACION SA,R83162,SNIACE SA,"['str_001_s', 'str_002_ec', 'str_003_ec', 'str_003b_ec', 'str_004_asec', 'str_005_ec', 'str_006_sec', 'str_sfdr8_aec', 'scs_001_sec', 'scs_002_ec']","['CRUZ ROJA ESPANOLA', 'ARZOBISPADO DE MADRID', 'OBISPADO DE LA DIOCE SIS DE CALAHORRA LA']","['CPE03744', 'CPE05137', 'CPE05466']"
PENDING,B96019,SURP MARGIN CLEARER MXN,['scs_001_sec'],"['Fondo SAM Deuda Corto Plazo 16, S.A de C.V.', 'Fondo SAM Deuda Corto Plazo 2, S.A. de C.V.', 'Fondo SAM Deuda 3, S.A. de C.V.', 'Fondo SAM Deuda 8, S.A. de C.V.']","['STER10P', 'FONSER1', 'STER-4', 'DEUDAOP']"
SOUNDVIEW HOME EQUITY LOAN TRUST SVHE_06-EQ1,D19049,SVHE_06-EQ1   A4,"['str_001_s', 'str_002_ec', 'str_003_ec', 'str_004_asec', 'str_005_ec', 'str_006_sec', 'str_sfdr8_aec', 'scs_001_sec', 'scs_002_ec']",['SANTANDER GO DYNAMIC BOND'],['LXMS0640']
SOUNDVIEW HOME EQUITY LOAN TRUST,D27304,SVHE_07-OPT2  1A1,"['str_001_s', 'str_002_ec', 'str_003_ec', 'str_004_asec', 'str_005_ec', 'str_006_sec', 'str_sfdr8_aec', 'scs_001_sec', 'scs_002_ec']",['SANTANDER GO DYNAMIC BOND'],['LXMS0640']
SYNTHOS SA,F18837,SYNTHOS SA        RegS,"['str_001_s', 'str_002_ec', 'str_003_ec', 'str_003b_ec', 'str_004_asec', 'str_005_ec', 'str_006_sec', 'str_sfdr8_aec', 'scs_001_sec', 'scs_002_ec']","['Santander Umiarkowany (Santander FIO)', 'Santander Prestiz Obligacji Korporacyjnych (Santander Prestiz SFIO)', 'Credit Agricole Stabilnego Wzrostu (Credit Agricole FIO)', 'Santander Obligacji Uniwersalny (Santander FIO)', 'Credit Agricole Zrownowazony (Credit Agricole FIO)', 'Santander Stabilnego Wzrostu (Santander FIO)', 'Santander Zrownowazony (Santander FIO)']","['PLFIO00166', 'PLSFIO0094', 'PLFIO00003', 'PLFIO00165', 'PLFIO00004', 'PLFIO00135', 'PLFIO00136']"
TECHNOS SA,F32362,TECHNOS SA,"['str_001_s', 'str_002_ec', 'str_003_ec', 'str_003b_ec', 'str_004_asec', 'str_005_ec', 'str_006_sec', 'str_sfdr8_aec', 'scs_001_sec', 'scs_002_ec']",['SANTANDER STAR LONG & SHORT DIRECIONAL FI MM'],['BR1575']
PENDING,B96019,"TECHO HOGAR SOCIMI, S.A.",['scs_001_sec'],['CONFER ESP DE RELIGIOSOS CONFE'],['CPE05252']
TESLA INC (PRE-REINCORPORATION),F05671,TESLA INC,"['str_001_s', 'str_002_ec', 'str_003_ec', 'str_003b_ec', 'str_004_asec', 'str_005_ec', 'str_006_sec', 'str_sfdr8_aec', 'scs_001_sec', 'scs_002_ec']","['SANTANDER US EQUITY HEDGED', 'Santander Zrownowazony (Santander FIO)', 'AURUM RENTA VARIABLE', 'Santander Stabilnego Wzrostu (Santander FIO)', 'Santander Akcji Spolek Wzrostowych (Santander FIO)', 'Santander PPK 2065 (Santander PPK SFIO)', 'Fondo SAM Renta Variable 11, S.A. de C.V.', 'Instituto Mexicano del Seguro Social (IMSS)', 'SMIO MAX 30 PCNT QIS SAM', 'SANTANDER US EQUITY ESG', 'Santander PPK 2040 (Santander PPK SFIO)', 'SM MAX 50 PCNT QIS SAM', 'Santander PPK 2030 (Santander PPK SFIO)', 'Santander PPK 2045 (Santander PPK SFIO)', 'Fondo SAM Renta Variable 24, S.A. de C.V.', 'SANTANDER GO NORTH AMERICAN EQUITY', 'Santander PPK 2055 (Santander PPK SFIO)', 'Santander PPK 2050 (Santander PPK SFIO)', 'Santander Umiarkowany (Santander FIO)', 'SANTANDER ASG RV NORTEAMERICA PENS., F.P', 'SAN Max 70% UT QIS SAM SP', 'Santander PPK 2060 (Santander PPK SFIO)', 'Fondo Sam Renta Variable 27 SA de CV Fondo de InversiÃ³n de Renta Variabl', 'SPF United States Equities Goldman Sachs', 'MI CARTERA RV USA ADVISED BY, FI', 'SM MAX 70 PCNT QIS SAM', 'SANTANDER GO ABSOLUTE RETURN', 'Santander ASG RV NorteamÃ©rica PPSI', 'Santander PPK 2035 (Santander PPK SFIO)', 'SANTANDER FUTURE US TECH, FI', 'Santander PPK 2025 (Santander PPK SFIO)', 'SANTANDER GO GLOBAL EQUITY ESG']","['LXMS0760', 'PLFIO00136', 'FIG03245', 'PLFIO00135', 'PLFIO00132', 'PLSFIO0519', 'USA-EQ', 'MX40041626', 'OMM24018', 'LXMS0720', 'PLSFIO0392', 'OMM24017', 'PLSFIO0390', 'PLSFIO0393', 'SAM-SP', 'LXMS0140', 'PLSFIO0395', 'PLSFIO0394', 'PLFIO00166', 'FPG01697', 'AMM04005', 'PLSFIO0396', 'SAM-RVG', 'OMM5H001', 'FIG05774', 'OMM34017', 'LXMS0600', 'EPV14004', 'PLSFIO0391', 'FIG02918', 'PLSFIO0389', 'LXMS0620']"
THAMES WATER UTILITIES FINANCE PLC,R60260,THAMES WATER UTILITIES FINANCE PLC,"['str_001_s', 'str_002_ec', 'str_003_ec', 'str_004_asec', 'str_005_ec', 'str_006_sec', 'str_sfdr8_aec', 'scs_001_sec', 'scs_002_ec']",['SANTANDER GO DYNAMIC BOND'],['LXMS0640']
THAMES WATER UTILITIES FINANCE PLC,R60260,THAMES_00 MTN,"['str_001_s', 'str_002_ec', 'str_003_ec', 'str_004_asec', 'str_005_ec', 'str_006_sec', 'str_sfdr8_aec', 'scs_001_sec', 'scs_002_ec']",['SANTANDER GO DYNAMIC BOND'],['LXMS0640']
TRANS-ALLEGHENY INTERSTATE LINE CO,D66105,TRANS-ALLEGHENY INTERSTATE LINE CO 144A,"['str_001_s', 'str_002_ec', 'str_003_ec', 'str_003b_ec', 'str_004_asec', 'str_005_ec', 'str_006_sec', 'str_sfdr8_aec', 'scs_001_sec', 'scs_002_ec']",['SANTANDER GO SHORT DURATIO DOLLAR'],['LXMS0170']
UBS AG (STAMFORD BRANCH),R59989,UBS AG (STAMFORD BRANCH) MTN,"['str_001_s', 'str_002_ec', 'str_003_ec', 'str_003b_ec', 'str_004_asec', 'str_005_ec', 'str_006_sec', 'str_sfdr8_aec', 'scs_001_sec', 'scs_002_ec']",['SANTANDER GO SHORT DURATIO DOLLAR'],['LXMS0170']
UCI_16-A2,D19707,UCI_16   A2,"['str_001_s', 'str_002_ec', 'str_003_ec', 'str_004_asec']","['EPV SANTANDER MI PLAN MODERADO', 'FP SANTANDER MI PLAN DECIDIDO', 'EPV SANTANDER MI PLAN PRUDENTE', 'FP SANTANDER MI PLAN PRUDENTE']","['EPV00051', 'FPH00254', 'EPV00052', 'FPG00015']"
UNIFORM MBS,UMBS01,UMBS  30YR TBA(REG A),"['str_001_s', 'str_002_ec', 'str_003_ec', 'str_004_asec', 'str_005_ec', 'str_006_sec', 'str_sfdr8_aec', 'scs_001_sec', 'scs_002_ec']",['SANTANDER GO DYNAMIC BOND'],['LXMS0640']
UNION FENOSA S.A.,R72547,UNION FENOSA PREFERENTES SA,"['str_001_s', 'str_002_ec', 'str_003_ec', 'str_004_asec', 'str_005_ec', 'str_006_sec', 'str_sfdr8_aec', 'scs_001_sec', 'scs_002_ec']",['ARZOBISPADO DE VALLADOLID'],['CPE05134']
UNITED GROUP BV,G37396,UNITED GROUP BV   RegS,"['str_001_s', 'str_002_ec', 'str_003_ec', 'str_004_asec', 'str_005_ec', 'str_006_sec', 'scs_001_sec', 'scs_002_ec']",['SANTANDER GO GLOBAL HIGH YIELD BOND'],['LXMS0670']
PENDING,B96019,VERDE AM AGAR FIC FIM,['scs_001_sec'],['SANTANDER PORT ATIVO EQUILIBRIO MASTER MULT FI'],['BR4141']
PENDING,B96019,VOKIN GBV ACONCAGUA 30 FICFIA,['scs_001_sec'],"['BRASIL TESTE BRL (RPATESTE0001)', 'ACESSO VOKIN GBV ACONCAGUA ACOES FIC FI']","['BRTSTBRL', 'BR4363']"
VOLKSWAGEN BANK GMBH,R67687,VOLKSWAGEN BANK GMBH,"['str_001_s', 'str_002_ec', 'str_003_ec', 'str_003b_ec', 'str_004_asec', 'str_005_ec', 'str_006_sec', 'str_sfdr8_aec', 'scs_001_sec', 'scs_002_ec']","['SANTANDER RENTA FIJA PRIVADA, FI', '02.018.62238191020.0', 'MACBETH EUR DYNAMIC ALLOCATION', 'FUNDACION MARIA JOSEFA RECIO', 'SANTANDER AM EURO CORPORATE BOND', 'Seguro PPR+ Conservador', 'GRUPO PLEXUS TECH S. L.', 'NAPTER DE PATRIMONIO INMOBILIARIO, S.L.', 'Seg Financeiro Equilibrado', 'SANTANDER RF AHORRO, FI', 'SANTANDER ASG RF CORTO PLAZO, PPSI', 'ALDROVI S.L.', 'FONDO AHORRO, FI', 'AUTOCARES SAMAR, S.A.', 'SOIDEMER S.L.', 'SA INDUSTRIAS CELULO SA ARAGONESA', 'PERFIBESA S.A.', 'LA VELOZ, S.A.', 'SANTANDER ASG RENTA FIJA CORTO PLAZO PENSIONES, FP', 'SAM CARTEIRAS CONSERVADOR', 'SANTANDER TARGET MATURITY EURO III', 'SANTANDER RENDIMIENTO, FI', 'Seg Financeiro Accoes Crescimento', '02.018.59973438020.0', 'CONSTRUCCIONES SAN M ARTIN S.A.', 'FUNDACION GRUPO ESPA Â¥OL DE INVESTIGACIO', 'SANTANDER EUROCREDITO, FI', 'Santander Poupanca Prudente FPR', 'FP Aberto Eurovida Reforma Rendimento', 'UNION ESPANOLA DE CONDUCTORES DE AUTOMOVILES', 'ODILO TID SL', 'Seg Ab Private Acoes 2021 IX', 'SANTANDER PB TARGET 2026 7, FI', 'Santander Obrigacoes Curto Prazo']","['FIG01998', 'PFC00665', 'LXMEL034', 'CPE04044', 'LXMS0020', 'PFS00059', 'CPE05467', 'CPE03562', 'PFS00001', 'FIN00441', 'EPV14005', 'CPE05455', 'FIN00315', 'CPE04031', 'CPE05451', 'CPE05392', 'CPE05303', 'CPE04032', 'FPG01072', 'PFI01549', 'LXMS0790', 'FIH01197', 'PFS00002', 'PFC00659', 'CPE05432', 'CPE05478', 'FIG04868', 'PFIT0605', 'PFP00ARR', 'CPE05378', 'CPE05480', 'PFS00381', 'FIG05909', 'PFIT0011']"
VOLKSWAGEN BANK GMBH,R67687,VOLKSWAGEN BANK GMBH MTN RegS,"['str_001_s', 'str_002_ec', 'str_003_ec', 'str_003b_ec', 'str_004_asec', 'str_005_ec', 'str_006_sec', 'str_sfdr8_aec', 'scs_001_sec', 'scs_002_ec']","['Seguro PPR+ Conservador', 'SANTANDER ASG RF CORTO PLAZO, PPSI', 'SANTANDER PB TARGET 2026 6, FI', 'SANTANDER AHORRO 72, FP', 'EV PPR Aforro', 'SANTANDER RENTA FIJA 0-3 PENSIONES, FP', 'SANTANDER HORIZONTE 2026 2, FI', 'EV PPR Activo Accoes (IAS)', 'Santander Objetivo 2026 III', 'SANTANDER TARGET MATURITY EURO II', 'SANTANDER RENTA FIJA PRIVADA, FI', '02.018.64134117020.0', 'ASOCIACION DE FUTBOLISTAS ESPA?OLES AFE', 'FONDO AHORRO, FI', 'FP Aberto Eurovida Reforma Valor', 'SANTANDER PB TARGET 2026 4, FI', 'POSTRES Y DULCES REINA, S.L.', 'Eurovida Objectivo Aforro', 'ON 365 ENERGIA S.L.', 'UNIVERSIDAD INTERNACIONAL DE LA RIOJA', 'Eurovida Poupanca Futuro (IAS)', 'SANTANDER SOSTENIBLE RF AHORRO, FI', 'SANTANDER PB TARGET 2026 2, FI', 'Eurovida PPR Garantia (IAS)', 'SANTANDER RENDIMIENTO, FI', 'ASOCIACION PARA EL D ESARROLLO DE LA ING', 'SANTANDER ASG RENTA FIJA CORTO PLAZO PENSIONES, FP', 'Santander Poupanca Prudente FPR']","['PFS00059', 'EPV14005', 'FIG05898', 'FPG00140', 'PFS00298', 'FPB01158', 'FIG05476', 'PFS00177', 'PFIT1951', 'LXMS0770', 'FIG01998', 'PFC00668', 'CPE05163', 'FIN00315', 'PFP00ERV', 'FIG05871', 'CPE03994', 'PFS00297', 'CPE05473', 'CPE04046', 'PFS00261', 'FIG00677', 'FIG05827', 'PFS00291', 'FIH01197', 'CPE05422', 'FPG01072', 'PFIT0605']"
WASHINGTON MUTUAL BANK/ DEBT NOT ACQUIRED BY JPMORGAN,C99896,WASHINGTON MUTUAL BANK MTN,"['str_001_s', 'str_002_ec', 'str_003_ec', 'str_004_asec', 'str_005_ec', 'str_006_sec', 'str_sfdr8_aec', 'scs_001_sec', 'scs_002_ec']",['SAN Max 70% UT QIS SAM SP'],['AMM04005']
WESSEX WATER SERVICES FINANCE PLC,R64289,WESSEX WATER SERVICES FINANCE PLC RegS,"['str_001_s', 'str_002_ec', 'str_003_ec', 'str_004_asec', 'str_005_ec', 'str_006_sec', 'str_sfdr8_aec', 'scs_001_sec', 'scs_002_ec']","['SM San Sterling Bond Portfolio BlackRock', 'SMIO Max 30% Income Corporate Bonds BlackRock', 'SMIO2 Sterling Bond Income BlackRock']","['OMM1E017', 'OMM3AE18', 'OMM23019']"
WIZ SOLUCOES E CORRETAGEM DE SEGUROS SA,H14035,WIZ CO PARTICIPACOES E CORRETAGEM,"['str_001_s', 'str_002_ec', 'str_003_ec', 'str_003b_ec', 'str_004_asec', 'str_005_ec', 'str_006_sec', 'str_sfdr8_aec', 'scs_001_sec', 'scs_002_ec']",['SANTANDER STAR LONG & SHORT DIRECIONAL FI MM'],['BR1575']
WPC EUROBOND BV,H93767,WPC EUROBOND BV,"['str_001_s', 'str_002_ec', 'str_003_ec', 'str_004_asec', 'str_005_ec', 'str_006_sec', 'str_sfdr8_aec', 'scs_001_sec', 'scs_002_ec']","['AURA SA DE SEGUROS', 'SANTANDER GO DYNAMIC BOND']","['CPE05210', 'LXMS0640']"
